[{"model": "salon.category", "pk": 13, "fields": {"title": "\u041c\u0430\u043a\u0438\u044f\u0436", "description": null}}, {"model": "salon.category", "pk": 14, "fields": {"title": "\u0411\u0440\u043e\u0432\u0438 \u0438 \u0440\u0435\u0441\u043d\u0438\u0446\u044b", "description": null}}, {"model": "salon.category", "pk": 15, "fields": {"title": "\u042d\u0441\u0442\u0435\u0442\u0438\u0447\u0435\u0441\u043a\u0430\u044f \u043a\u043e\u0441\u043c\u0435\u0442\u043e\u043b\u043e\u0433\u0438\u044f", "description": null}}, {"model": "salon.category", "pk": 16, "fields": {"title": "\u041a\u0430\u0431\u0438\u043d\u0435\u0442 \u0434\u0435\u043f\u0438\u043b\u044f\u0446\u0438\u0438", "description": null}}, {"model": "salon.category", "pk": 18, "fields": {"title": "\u041f\u0440\u043e\u0434\u0443\u043a\u0446\u0438\u044f", "description": null}}, {"model": "salon.category", "pk": 22, "fields": {"title": "\u041d\u043e\u0433\u0442\u0435\u0432\u043e\u0439 \u0441\u0435\u0440\u0432\u0438\u0441", "description": null}}, {"model": "salon.category", "pk": 23, "fields": {"title": "\u041f\u0430\u0440\u0438\u043a\u043c\u0430\u0445\u0435\u0440\u0441\u043a\u0438\u0435 \u0443\u0441\u043b\u0443\u0433\u0438", "description": null}}, {"model": "salon.subcategory", "pk": 6, "fields": {"title": "\u041c\u0430\u043d\u0438\u043a\u044e\u0440 \u0441 \u043f\u043e\u043a\u0440\u044b\u0442\u0438\u0435\u043c OPI/CND/BEAUTIX", "category": 22, "description": null}}, {"model": "salon.subcategory", "pk": 7, "fields": {"title": "\u041f\u043e\u043a\u0440\u044b\u0442\u0438\u0435 OPI/CND/BEAUTIX", "category": 22, "description": null}}, {"model": "salon.subcategory", "pk": 8, "fields": {"title": "\u0414\u043e\u043f\u043e\u043b\u043d\u0438\u0442\u0435\u043b\u044c\u043d\u043e", "category": 22, "description": null}}, {"model": "salon.subcategory", "pk": 9, "fields": {"title": "\u0416\u0435\u043d\u0441\u043a\u0438\u0439 \u043f\u0435\u0434\u0438\u043a\u044e\u0440", "category": 22, "description": null}}, {"model": "salon.subcategory", "pk": 11, "fields": {"title": "\u041c\u0443\u0436\u0441\u043a\u043e\u0439 \u043f\u0435\u0434\u0438\u043a\u044e\u0440", "category": 22, "description": null}}, {"model": "salon.subcategory", "pk": 12, "fields": {"title": "\u0421\u0442\u0440\u0438\u0436\u043a\u0438 \u0438 \u0443\u043a\u043b\u0430\u0434\u043a\u0438 (\u0434\u0435\u0432\u0443\u0448\u043a\u0438)", "category": 23, "description": null}}, {"model": "salon.subcategory", "pk": 13, "fields": {"title": "\u0421\u0442\u0440\u0438\u0436\u043a\u0438 \u0438 \u0443\u043a\u043b\u0430\u0434\u043a\u0438 (\u043c\u0443\u0436\u0447\u0438\u043d\u044b)", "category": 23, "description": null}}, {"model": "salon.subcategory", "pk": 14, "fields": {"title": "\u0421\u0442\u0440\u0438\u0436\u043a\u0438 \u0438 \u0443\u043a\u043b\u0430\u0434\u043a\u0438 (\u0434\u043e\u043f\u043e\u043b\u043d\u0438\u0442\u0435\u043b\u044c\u043d\u043e)", "category": 23, "description": null}}, {"model": "salon.subcategory", "pk": 15, "fields": {"title": "\u041e\u043a\u0440\u0430\u0448\u0438\u0432\u0430\u043d\u0438\u0435", "category": 23, "description": null}}, {"model": "salon.subcategory", "pk": 16, "fields": {"title": "\u0423\u0445\u043e\u0434\u044b", "category": 23, "description": null}}, {"model": "salon.subcategory", "pk": 17, "fields": {"title": "\u041c\u0430\u043a\u0438\u044f\u0436", "category": 13, "description": null}}, {"model": "salon.subcategory", "pk": 18, "fields": {"title": "\u0411\u0440\u043e\u0432\u0438 \u0438 \u0440\u0435\u0441\u043d\u0438\u0446\u044b", "category": 14, "description": null}}, {"model": "salon.subcategory", "pk": 19, "fields": {"title": "\u042d\u0441\u0442\u0435\u0442\u0438\u0447\u0435\u0441\u043a\u0430\u044f \u043a\u043e\u0441\u043c\u0435\u0442\u043e\u043b\u043e\u0433\u0438\u044f", "category": 15, "description": null}}, {"model": "salon.subcategory", "pk": 20, "fields": {"title": "\u041a\u0430\u0431\u0438\u043d\u0435\u0442 \u0434\u0435\u043f\u0438\u043b\u044f\u0446\u0438\u0438", "category": 16, "description": null}}, {"model": "salon.subcategory", "pk": 22, "fields": {"title": "\u041f\u0440\u043e\u0434\u0443\u043a\u0446\u0438\u044f \u0434\u043b\u044f \u043c\u0443\u0436\u0447\u0438\u043d", "category": 18, "description": null}}, {"model": "salon.subcategory", "pk": 24, "fields": {"title": "\u041c\u0443\u0436\u0441\u043a\u043e\u0439 \u043c\u0430\u043d\u0438\u043a\u044e\u0440", "category": 22, "description": null}}, {"model": "salon.subcategory", "pk": 25, "fields": {"title": "\u0416\u0435\u043d\u0441\u043a\u0438\u0439 \u043c\u0430\u043d\u0438\u043a\u044e\u0440", "category": 22, "description": null}}, {"model": "salon.subcategory", "pk": 26, "fields": {"title": "\u041c\u0430\u043d\u0438\u043a\u044e\u0440 (\u0434\u043e\u043f\u043e\u043b\u043d\u0438\u0442\u0435\u043b\u044c\u043d\u043e)", "category": 22, "description": null}}, {"model": "salon.subcategory", "pk": 27, "fields": {"title": "\u041f\u0440\u043e\u0434\u0443\u043a\u0446\u0438\u044f \u0434\u043b\u044f \u0436\u0435\u043d\u0449\u0438\u043d", "category": 18, "description": null}}, {"model": "salon.priceitem", "pk": 1, "fields": {"title": "\u0410\u043f\u043f\u0430\u0440\u0430\u0442\u043d\u044b\u0439", "description": null, "price": "1000", "category": 22, "subcategory": 24, "for_inline": null}}, {"model": "salon.priceitem", "pk": 2, "fields": {"title": "\u0415\u0432\u0440\u043e\u043f\u0435\u0439\u0441\u043a\u0438\u0439", "description": null, "price": "800", "category": 22, "subcategory": 25, "for_inline": null}}, {"model": "salon.priceitem", "pk": 3, "fields": {"title": "\u041a\u043b\u0430\u0441\u0441\u0438\u0447\u0435\u0441\u043a\u0438\u0439", "description": null, "price": "900", "category": 22, "subcategory": 25, "for_inline": null}}, {"model": "salon.priceitem", "pk": 4, "fields": {"title": "\u041a\u043b\u0430\u0441\u0441\u0438\u0447\u0435\u0441\u043a\u0438\u0439 + \u0433\u0435\u043b\u044c-\u043b\u0430\u043a", "description": null, "price": "1700/2000", "category": 22, "subcategory": 6, "for_inline": null}}, {"model": "salon.priceitem", "pk": 5, "fields": {"title": "\u041c\u0430\u043d\u0438\u043a\u044e\u0440 + \u0433\u0435\u043b\u044c-\u043b\u0430\u043a + \u0443\u043a\u0440\u0435\u043f\u043b\u0435\u043d\u0438\u0435 IBD", "description": null, "price": "2600/2800", "category": 22, "subcategory": 6, "for_inline": null}}, {"model": "salon.priceitem", "pk": 6, "fields": {"title": "\u0423\u043a\u0440\u0435\u043f\u043b\u0435\u043d\u0438\u0435 \u0433\u0435\u043b\u0435\u043c IBD", "description": null, "price": "2000", "category": 22, "subcategory": 6, "for_inline": null}}, {"model": "salon.priceitem", "pk": 7, "fields": {"title": "\u041d\u0430\u0440\u0430\u0449\u0438\u0432\u0430\u043d\u0438\u0435 \u043d\u0430 \u0442\u0438\u043f\u0441\u044b", "description": null, "price": "3000", "category": 22, "subcategory": 6, "for_inline": null}}, {"model": "salon.priceitem", "pk": 8, "fields": {"title": "\u0413\u0435\u043b\u044c-\u043b\u0430\u043a (\u0446\u0432\u0435\u0442)", "description": null, "price": "800", "category": 22, "subcategory": 7, "for_inline": null}}, {"model": "salon.priceitem", "pk": 9, "fields": {"title": "\u0413\u0435\u043b\u044c-\u043b\u0430\u043a (French)", "description": null, "price": "1000", "category": 22, "subcategory": 7, "for_inline": null}}, {"model": "salon.priceitem", "pk": 10, "fields": {"title": "\u0420\u0435\u043c\u043e\u043d\u0442 \u043e\u0434\u043d\u043e\u0433\u043e \u043d\u043e\u0433\u0442\u044f \u0430\u043a\u0440\u0438\u043b/\u0433\u0435\u043b\u044c", "description": null, "price": "250", "category": 22, "subcategory": 7, "for_inline": null}}, {"model": "salon.priceitem", "pk": 11, "fields": {"title": "\u0414\u0438\u0437\u0430\u0439\u043d \u043e\u0434\u043d\u043e\u0433\u043e \u043d\u043e\u0433\u0442\u044f", "description": null, "price": "\u043e\u0442 50", "category": 22, "subcategory": 8, "for_inline": null}}, {"model": "salon.priceitem", "pk": 12, "fields": {"title": "\u0421\u043d\u044f\u0442\u0438\u0435 \u0433\u0435\u043b\u044c-\u043b\u0430\u043a\u0430", "description": null, "price": "250", "category": 22, "subcategory": 8, "for_inline": null}}, {"model": "salon.priceitem", "pk": 13, "fields": {"title": "\u041f\u0430\u0440\u0430\u0444\u0438\u043d\u043e\u0442\u0435\u0440\u0430\u043f\u0438\u044f", "description": null, "price": "700", "category": 22, "subcategory": 8, "for_inline": null}}, {"model": "salon.priceitem", "pk": 14, "fields": {"title": "\u0410\u043f\u043f\u0430\u0440\u0430\u0442\u043d\u044b\u0439", "description": null, "price": "1700", "category": 22, "subcategory": 9, "for_inline": null}}, {"model": "salon.priceitem", "pk": 15, "fields": {"title": "\u041a\u043b\u0430\u0441\u0441\u0438\u0447\u0435\u0441\u043a\u0438\u0439", "description": null, "price": "1600", "category": 22, "subcategory": 9, "for_inline": null}}, {"model": "salon.priceitem", "pk": 17, "fields": {"title": "\u041a\u043e\u043c\u0431\u0438\u043d\u0438\u0440\u043e\u0432\u0430\u043d\u043d\u044b\u0439", "description": null, "price": "1000", "category": 22, "subcategory": 25, "for_inline": null}}, {"model": "salon.priceitem", "pk": 18, "fields": {"title": "\u041e\u0431\u0440\u0430\u0431\u043e\u0442\u043a\u0430 \u043f\u0430\u043b\u044c\u0447\u0438\u043a\u043e\u0432", "description": null, "price": "1000", "category": 22, "subcategory": 9, "for_inline": null}}, {"model": "salon.priceitem", "pk": 19, "fields": {"title": "\u041f\u043e\u043a\u0440\u044b\u0442\u0438\u0435 \u0433\u0435\u043b\u044c-\u043b\u0430\u043a", "description": null, "price": "800", "category": 22, "subcategory": 9, "for_inline": null}}, {"model": "salon.priceitem", "pk": 20, "fields": {"title": "\u041f\u043e\u043a\u0440\u044b\u0442\u0438\u0435 \u0433\u0435\u043b\u044c-\u043b\u0430\u043a French", "description": null, "price": "1000", "category": 22, "subcategory": 9, "for_inline": null}}, {"model": "salon.priceitem", "pk": 21, "fields": {"title": "\u0421\u043d\u044f\u0442\u0438\u0435 \u043b\u0430\u043a\u0430", "description": null, "price": "250", "category": 22, "subcategory": 9, "for_inline": null}}, {"model": "salon.priceitem", "pk": 22, "fields": {"title": "\u0423\u0434\u0430\u043b\u0435\u043d\u0438\u0435 \u043c\u043e\u0437\u043e\u043b\u0438", "description": null, "price": "300/400", "category": 22, "subcategory": 9, "for_inline": null}}, {"model": "salon.priceitem", "pk": 23, "fields": {"title": "\u041a\u043b\u0430\u0441\u0441\u0438\u0447\u0435\u0441\u043a\u0438\u0439", "description": null, "price": "900", "category": 22, "subcategory": 24, "for_inline": null}}, {"model": "salon.priceitem", "pk": 24, "fields": {"title": "\u0410\u043f\u043f\u0430\u0440\u0430\u0442\u043d\u044b\u0439", "description": null, "price": "1000", "category": 22, "subcategory": 24, "for_inline": null}}, {"model": "salon.priceitem", "pk": 25, "fields": {"title": "\u0424\u043e\u0440\u043c\u0430 \u043d\u043e\u0433\u0442\u0435\u0439", "description": null, "price": "250", "category": 22, "subcategory": 24, "for_inline": null}}, {"model": "salon.priceitem", "pk": 26, "fields": {"title": "\u041f\u043e\u043b\u0438\u0440\u043e\u0432\u043a\u0430 \u043d\u043e\u0433\u0442\u0435\u0439", "description": null, "price": "250", "category": 22, "subcategory": 24, "for_inline": null}}, {"model": "salon.priceitem", "pk": 27, "fields": {"title": "\u041a\u043b\u0430\u0441\u0441\u0438\u0447\u0435\u0441\u043a\u0438\u0439", "description": null, "price": "2200", "category": 22, "subcategory": 11, "for_inline": null}}, {"model": "salon.priceitem", "pk": 28, "fields": {"title": "\u0410\u043f\u043f\u0430\u0440\u0430\u0442\u043d\u044b\u0439", "description": null, "price": "2300", "category": 22, "subcategory": 11, "for_inline": null}}, {"model": "salon.priceitem", "pk": 29, "fields": {"title": "\u0421\u0442\u0440\u0438\u0436\u043a\u0430 \u0441 \u0443\u043a\u043b\u0430\u0434\u043a\u043e\u0439 (\u043a\u043e\u0440\u043e\u0442\u043a\u0438\u0435)", "description": null, "price": "1950", "category": 23, "subcategory": 12, "for_inline": null}}, {"model": "salon.priceitem", "pk": 30, "fields": {"title": "\u0421\u0442\u0440\u0438\u0436\u043a\u0430 \u0441 \u0443\u043a\u043b\u0430\u0434\u043a\u043e\u0439 (\u0441\u0440\u0435\u0434\u043d\u044f\u044f \u0434\u043b\u0438\u043d\u0430)", "description": null, "price": "2350", "category": 23, "subcategory": 12, "for_inline": null}}, {"model": "salon.priceitem", "pk": 31, "fields": {"title": "\u0421\u0442\u0440\u0438\u0436\u043a\u0430 \u0441 \u0443\u043a\u043b\u0430\u0434\u043a\u043e\u0439 (\u0434\u043b\u0438\u043d\u043d\u044b\u0435)", "description": null, "price": "2850", "category": 23, "subcategory": 12, "for_inline": null}}, {"model": "salon.priceitem", "pk": 32, "fields": {"title": "\u0421\u0442\u0440\u0438\u0436\u043a\u0430 \u043e\u0434\u043d\u0438\u043c \u0441\u0440\u0435\u0437\u043e\u043c", "description": null, "price": "1500", "category": 23, "subcategory": 12, "for_inline": null}}, {"model": "salon.priceitem", "pk": 33, "fields": {"title": "\u0421\u0442\u0440\u0438\u0436\u043a\u0430 \u0447\u0435\u043b\u043a\u0438", "description": null, "price": "500", "category": 23, "subcategory": 12, "for_inline": null}}, {"model": "salon.priceitem", "pk": 34, "fields": {"title": "\u041a\u043e\u0440\u0440\u0435\u043a\u0446\u0438\u044f \u0441\u0442\u0440\u0438\u0436\u043a\u0438 (\u043a\u043e\u0440\u043e\u0442\u043a\u0438\u0435)", "description": null, "price": "700", "category": 23, "subcategory": 12, "for_inline": null}}, {"model": "salon.priceitem", "pk": 35, "fields": {"title": "\u041a\u043e\u0440\u0440\u0435\u043a\u0446\u0438\u044f \u0441\u0442\u0440\u0438\u0436\u043a\u0438 (\u0441\u0440\u0435\u0434\u043d\u044f\u044f \u0434\u043b\u0438\u043d\u0430)", "description": null, "price": "850", "category": 23, "subcategory": 12, "for_inline": null}}, {"model": "salon.priceitem", "pk": 36, "fields": {"title": "\u041a\u043e\u0440\u0440\u0435\u043a\u0446\u0438\u044f \u0441\u0442\u0440\u0438\u0436\u043a\u0438 (\u0434\u043b\u0438\u043d\u043d\u044b\u0435)", "description": null, "price": "1100", "category": 23, "subcategory": 12, "for_inline": null}}, {"model": "salon.priceitem", "pk": 37, "fields": {"title": "\u0423\u043a\u043b\u0430\u0434\u043a\u0430 \u0432\u043e\u043b\u043e\u0441 (\u043a\u043e\u0440\u043e\u0442\u043a\u0438\u0435)", "description": null, "price": "850", "category": 23, "subcategory": 12, "for_inline": null}}, {"model": "salon.priceitem", "pk": 38, "fields": {"title": "\u0423\u043a\u043b\u0430\u0434\u043a\u0430 \u0432\u043e\u043b\u043e\u0441 (\u0441\u0440\u0435\u0434\u043d\u044f\u044f \u0434\u043b\u0438\u043d\u0430)", "description": null, "price": "1350", "category": 23, "subcategory": 12, "for_inline": null}}, {"model": "salon.priceitem", "pk": 39, "fields": {"title": "\u0423\u043a\u043b\u0430\u0434\u043a\u0430 \u0432\u043e\u043b\u043e\u0441 (\u0434\u043b\u0438\u043d\u043d\u044b\u0435)", "description": null, "price": "1600", "category": 23, "subcategory": 12, "for_inline": null}}, {"model": "salon.priceitem", "pk": 40, "fields": {"title": "\u0423\u043a\u043b\u0430\u0434\u043a\u0430 \u043d\u0430 \u0431\u0440\u0430\u0448\u0438\u043d\u0433 (\u0441\u0440\u0435\u0434\u043d\u044f\u044f \u0434\u043b\u0438\u043d\u0430)", "description": null, "price": "1950", "category": 23, "subcategory": 12, "for_inline": null}}, {"model": "salon.priceitem", "pk": 41, "fields": {"title": "\u0423\u043a\u043b\u0430\u0434\u043a\u0430 \u043d\u0430 \u0431\u0440\u0430\u0448\u0438\u043d\u0433 (\u0434\u043b\u0438\u043d\u043d\u044b\u0435)", "description": null, "price": "2550", "category": 23, "subcategory": 12, "for_inline": null}}, {"model": "salon.priceitem", "pk": 42, "fields": {"title": "\u0423\u043a\u043b\u0430\u0434\u043a\u0430 \u0433\u043e\u0440\u044f\u0447\u0438\u043c\u0438 \u0438\u043d\u0441\u0442\u0440\u0443\u043c\u0435\u043d\u0442\u0430\u043c\u0438 (\u0441\u0440\u0435\u0434\u043d\u044f\u044f \u0434\u043b\u0438\u043d\u0430)", "description": null, "price": "1900", "category": 23, "subcategory": 12, "for_inline": null}}, {"model": "salon.priceitem", "pk": 43, "fields": {"title": "\u0423\u043a\u043b\u0430\u0434\u043a\u0430 \u0433\u043e\u0440\u044f\u0447\u0438\u043c\u0438 \u0438\u043d\u0441\u0442\u0440\u0443\u043c\u0435\u043d\u0442\u0430\u043c\u0438 (\u0434\u043b\u0438\u043d\u043d\u044b\u0435)", "description": null, "price": "2950", "category": 23, "subcategory": 12, "for_inline": null}}, {"model": "salon.priceitem", "pk": 44, "fields": {"title": "\u0421\u0442\u0440\u0438\u0436\u043a\u0430 \u043c\u0430\u0448\u0438\u043d\u043a\u043e\u0439", "description": null, "price": "900", "category": 23, "subcategory": 13, "for_inline": null}}, {"model": "salon.priceitem", "pk": 45, "fields": {"title": "\u0421\u0442\u0440\u0438\u0436\u043a\u0430 \u043d\u043e\u0436\u043d\u0438\u0446\u0430\u043c\u0438", "description": null, "price": "1800/2150", "category": 23, "subcategory": 13, "for_inline": null}}, {"model": "salon.priceitem", "pk": 46, "fields": {"title": "\u0423\u043a\u043b\u0430\u0434\u043a\u0430", "description": null, "price": "600", "category": 23, "subcategory": 13, "for_inline": null}}, {"model": "salon.priceitem", "pk": 47, "fields": {"title": "\u041a\u043e\u0440\u0440\u0435\u043a\u0446\u0438\u044f \u0431\u043e\u0440\u043e\u0434\u044b / \u0443\u0441\u043e\u0432", "description": null, "price": "1200", "category": 23, "subcategory": 13, "for_inline": null}}, {"model": "salon.priceitem", "pk": 48, "fields": {"title": "\u0421\u0442\u0440\u0438\u0436\u043a\u0430 \u0434\u0435\u0442\u0441\u043a\u0430\u044f (\u0434\u043e 7 \u043b\u0435\u0442)", "description": null, "price": "1000", "category": 23, "subcategory": 14, "for_inline": null}}, {"model": "salon.priceitem", "pk": 49, "fields": {"title": "\u0412\u0435\u0447\u0435\u0440\u043d\u044f\u044f/\u0421\u0432\u0430\u0434\u0435\u0431\u043d\u0430\u044f \u0443\u043a\u043b\u0430\u0434\u043a\u0430 (\u0441\u0440\u0435\u0434\u043d\u044f\u044f \u0434\u043b\u0438\u043d\u0430)", "description": null, "price": "5000", "category": 23, "subcategory": 14, "for_inline": null}}, {"model": "salon.priceitem", "pk": 50, "fields": {"title": "\u0412\u0435\u0447\u0435\u0440\u043d\u044f\u044f/\u0421\u0432\u0430\u0434\u0435\u0431\u043d\u0430\u044f \u0443\u043a\u043b\u0430\u0434\u043a\u0430 (\u0434\u043b\u0438\u043d\u043d\u044b\u0435)", "description": null, "price": "7500", "category": 23, "subcategory": 14, "for_inline": null}}, {"model": "salon.priceitem", "pk": 51, "fields": {"title": "\u0420\u0435\u043f\u0435\u0442\u0438\u0446\u0438\u044f \u0443\u043a\u043b\u0430\u0434\u043a\u0438", "description": null, "price": "50% \u043e\u0442 \u0441\u0442\u043e\u0438\u043c\u043e\u0441\u0442\u0438 \u0440\u0430\u0431\u043e\u0442\u044b", "category": 23, "subcategory": 14, "for_inline": null}}, {"model": "salon.priceitem", "pk": 52, "fields": {"title": "\u041a\u043e\u0441\u043e\u043f\u043b\u0435\u0442\u0435\u043d\u0438\u0435", "description": null, "price": "\u043e\u0442  1000", "category": 23, "subcategory": 14, "for_inline": null}}, {"model": "salon.priceitem", "pk": 53, "fields": {"title": "\u041f\u0440\u0438\u043a\u043e\u0440\u043d\u0435\u0432\u043e\u0435 \u043e\u043a\u0440\u0430\u0448\u0438\u0432\u0430\u043d\u0438\u0435 (\u0434\u043e 2 \u0441\u043c)", "description": null, "price": "4000", "category": 23, "subcategory": 15, "for_inline": null}}, {"model": "salon.priceitem", "pk": 54, "fields": {"title": "\u041e\u043a\u0440\u0430\u0448\u0438\u0432\u0430\u043d\u0438\u0435 \u0432 \u043e\u0434\u0438\u043d \u0442\u043e\u043d \u043d\u0430 \u043a\u043e\u0440\u043e\u0442\u043a\u0438\u0435 \u0432\u043e\u043b\u043e\u0441\u044b", "description": null, "price": "5000", "category": 23, "subcategory": 15, "for_inline": null}}, {"model": "salon.priceitem", "pk": 55, "fields": {"title": "\u041e\u043a\u0440\u0430\u0448\u0438\u0432\u0430\u043d\u0438\u0435 \u0432 \u043e\u0434\u0438\u043d \u0442\u043e\u043d \u043d\u0430 \u0432\u043e\u043b\u043e\u0441\u044b \u0441\u0440\u0435\u0434\u043d\u0435\u0439 \u0434\u043b\u0438\u043d\u044b", "description": null, "price": "5500", "category": 23, "subcategory": 15, "for_inline": null}}, {"model": "salon.priceitem", "pk": 56, "fields": {"title": "\u041e\u043a\u0440\u0430\u0448\u0438\u0432\u0430\u043d\u0438\u0435 \u0432 \u043e\u0434\u0438\u043d \u0442\u043e\u043d \u043d\u0430 \u0434\u043b\u0438\u043d\u043d\u044b\u0435 \u0432\u043e\u043b\u043e\u0441\u044b", "description": null, "price": "6000", "category": 23, "subcategory": 15, "for_inline": null}}, {"model": "salon.priceitem", "pk": 57, "fields": {"title": "\u0422\u043e\u043d\u0438\u0440\u043e\u0432\u0430\u043d\u0438\u0435 \u043d\u0430 \u043a\u043e\u0440\u043e\u0442\u043a\u0438\u0435 \u0432\u043e\u043b\u043e\u0441\u044b", "description": null, "price": "4000", "category": 23, "subcategory": 15, "for_inline": null}}, {"model": "salon.priceitem", "pk": 58, "fields": {"title": "\u0422\u043e\u043d\u0438\u0440\u043e\u0432\u0430\u043d\u0438\u0435 \u043d\u0430 \u0432\u043e\u043b\u043e\u0441\u044b \u0441\u0440\u0435\u0434\u043d\u0435\u0439 \u0434\u043b\u0438\u043d\u044b", "description": null, "price": "5000", "category": 23, "subcategory": 15, "for_inline": null}}, {"model": "salon.priceitem", "pk": 59, "fields": {"title": "\u0422\u043e\u043d\u0438\u0440\u043e\u0432\u0430\u043d\u0438\u0435 \u043d\u0430 \u0434\u043b\u0438\u043d\u043d\u044b\u0435 \u0432\u043e\u043b\u043e\u0441\u044b", "description": null, "price": "6000", "category": 23, "subcategory": 15, "for_inline": null}}, {"model": "salon.priceitem", "pk": 60, "fields": {"title": "\u0411\u043b\u043e\u043d\u0434\u0438\u0440\u043e\u0432\u0430\u043d\u0438\u0435", "description": null, "price": "3000", "category": 23, "subcategory": 15, "for_inline": null}}, {"model": "salon.priceitem", "pk": 61, "fields": {"title": "\u041c\u0435\u043b\u0438\u0440\u043e\u0432\u0430\u043d\u0438\u0435 \u043d\u0430 \u043a\u043e\u0440\u043e\u0442\u043a\u0438\u0435 \u0432\u043e\u043b\u043e\u0441\u044b", "description": null, "price": "3000", "category": 23, "subcategory": 15, "for_inline": null}}, {"model": "salon.priceitem", "pk": 62, "fields": {"title": "\u041c\u0435\u043b\u0438\u0440\u043e\u0432\u0430\u043d\u0438\u0435 \u043d\u0430 \u0432\u043e\u043b\u043e\u0441\u044b \u0441\u0440\u0435\u0434\u043d\u0435\u0439 \u0434\u043b\u0438\u043d\u044b", "description": null, "price": "3500", "category": 23, "subcategory": 15, "for_inline": null}}, {"model": "salon.priceitem", "pk": 63, "fields": {"title": "\u041c\u0435\u043b\u0438\u0440\u043e\u0432\u0430\u043d\u0438\u0435 \u043d\u0430 \u0434\u043b\u0438\u043d\u043d\u044b\u0435 \u0432\u043e\u043b\u043e\u0441\u044b", "description": null, "price": "4500", "category": 23, "subcategory": 15, "for_inline": null}}, {"model": "salon.priceitem", "pk": 64, "fields": {"title": "\u0427\u0430\u0441\u0442\u0438\u0447\u043d\u043e\u0435 \u043c\u0435\u043b\u0438\u0440\u043e\u0432\u0430\u043d\u0438\u0435 \u043d\u0430 \u043a\u043e\u0440\u043e\u0442\u043a\u0438\u0435 \u0432\u043e\u043b\u043e\u0441\u044b", "description": null, "price": "1500", "category": 23, "subcategory": 15, "for_inline": null}}, {"model": "salon.priceitem", "pk": 65, "fields": {"title": "\u0427\u0430\u0441\u0442\u0438\u0447\u043d\u043e\u0435 \u043c\u0435\u043b\u0438\u0440\u043e\u0432\u0430\u043d\u0438\u0435 \u043d\u0430 \u0432\u043e\u043b\u043e\u0441\u044b \u0441\u0440\u0435\u0434\u043d\u0435\u0439 \u0434\u043b\u0438\u043d\u044b", "description": null, "price": "2000", "category": 23, "subcategory": 15, "for_inline": null}}, {"model": "salon.priceitem", "pk": 66, "fields": {"title": "\u0427\u0430\u0441\u0442\u0438\u0447\u043d\u043e\u0435 \u043c\u0435\u043b\u0438\u0440\u043e\u0432\u0430\u043d\u0438\u0435 \u043d\u0430 \u0434\u043b\u0438\u043d\u043d\u044b\u0435 \u0432\u043e\u043b\u043e\u0441\u044b", "description": null, "price": "2500", "category": 23, "subcategory": 15, "for_inline": null}}, {"model": "salon.priceitem", "pk": 67, "fields": {"title": "\u0414\u0435\u043a\u0430\u043f\u0438\u0440\u043e\u0432\u0430\u043d\u0438\u0435 \u043d\u0430 \u043a\u043e\u0440\u043e\u0442\u043a\u0438\u0435 \u0432\u043e\u043b\u043e\u0441\u044b", "description": null, "price": "2000", "category": 23, "subcategory": 15, "for_inline": null}}, {"model": "salon.priceitem", "pk": 68, "fields": {"title": "\u0414\u0435\u043a\u0430\u043f\u0438\u0440\u043e\u0432\u0430\u043d\u0438\u0435 \u043d\u0430 \u0432\u043e\u043b\u043e\u0441\u044b \u0441\u0440\u0435\u0434\u043d\u0435\u0439 \u0434\u043b\u0438\u043d\u044b", "description": null, "price": "3000", "category": 23, "subcategory": 15, "for_inline": null}}, {"model": "salon.priceitem", "pk": 69, "fields": {"title": "\u0414\u0435\u043a\u0430\u043f\u0438\u0440\u043e\u0432\u0430\u043d\u0438\u0435 \u043d\u0430 \u0434\u043b\u0438\u043d\u043d\u044b\u0435 \u0432\u043e\u043b\u043e\u0441\u044b", "description": null, "price": "4000", "category": 23, "subcategory": 15, "for_inline": null}}, {"model": "salon.priceitem", "pk": 70, "fields": {"title": "\u0421\u043b\u043e\u0436\u043d\u043e\u0435 \u043e\u043a\u0440\u0430\u0448\u0438\u0432\u0430\u043d\u0438\u04351 \u043d\u0430 \u043a\u043e\u0440\u043e\u0442\u043a\u0438\u0435 \u0432\u043e\u043b\u043e\u0441\u044b", "description": null, "price": "6000", "category": 23, "subcategory": 15, "for_inline": null}}, {"model": "salon.priceitem", "pk": 71, "fields": {"title": "\u0421\u043b\u043e\u0436\u043d\u043e\u0435 \u043e\u043a\u0440\u0430\u0448\u0438\u0432\u0430\u043d\u0438\u0435 \u043d\u0430 \u0432\u043e\u043b\u043e\u0441\u044b \u0441\u0440\u0435\u0434\u043d\u0435\u0439 \u0434\u043b\u0438\u043d\u044b", "description": null, "price": "5000", "category": 23, "subcategory": 15, "for_inline": null}}, {"model": "salon.priceitem", "pk": 72, "fields": {"title": "\u0421\u043b\u043e\u0436\u043d\u043e\u0435 \u043e\u043a\u0440\u0430\u0448\u0438\u0432\u0430\u043d\u0438\u0435 \u043d\u0430 \u0434\u043b\u0438\u043d\u043d\u044b\u0435 \u0432\u043e\u043b\u043e\u0441\u044b", "description": null, "price": "7000", "category": 23, "subcategory": 15, "for_inline": null}}, {"model": "salon.priceitem", "pk": 73, "fields": {"title": "\u0414\u043e\u043f\u043e\u043b\u043d\u0438\u0442\u0435\u043b\u044c\u043d\u0430\u044f \u043d\u0430\u0434\u0431\u0430\u0432\u043a\u0430 \u0437\u0430 \u0434\u043b\u0438\u043d\u0443/\u0433\u0443\u0441\u0442\u043e\u0442\u0443 \u0432\u043e\u043b\u043e\u0441", "description": null, "price": "1000", "category": 23, "subcategory": 15, "for_inline": null}}, {"model": "salon.priceitem", "pk": 74, "fields": {"title": "\u0423\u0445\u043e\u0434 JOICO K-PAK \u043d\u0430 \u043a\u043e\u0440\u043e\u0442\u043a\u0438\u0435 \u0432\u043e\u043b\u043e\u0441\u044b", "description": null, "price": "1500", "category": 23, "subcategory": 16, "for_inline": null}}, {"model": "salon.priceitem", "pk": 75, "fields": {"title": "\u0423\u0445\u043e\u0434 JOICO K-PAK \u043d\u0430 \u0441\u0440\u0435\u0434\u043d\u044e\u044e \u0434\u043b\u0438\u043d\u0443 \u0432\u043e\u043b\u043e\u0441", "description": null, "price": "2000", "category": 23, "subcategory": 16, "for_inline": null}}, {"model": "salon.priceitem", "pk": 76, "fields": {"title": "\u0423\u0445\u043e\u0434 JOICO K-PAK \u043d\u0430 \u0434\u043b\u0438\u043d\u043d\u044b\u0435 \u0432\u043e\u043b\u043e\u0441\u044b", "description": null, "price": "2500", "category": 23, "subcategory": 16, "for_inline": null}}, {"model": "salon.priceitem", "pk": 77, "fields": {"title": "\u0423\u0445\u043e\u0434 REDKEN \u043d\u0430 \u043a\u043e\u0440\u043e\u0442\u043a\u0438\u0435 \u0432\u043e\u043b\u043e\u0441\u044b", "description": null, "price": "1500", "category": 23, "subcategory": 16, "for_inline": null}}, {"model": "salon.priceitem", "pk": 78, "fields": {"title": "\u0423\u0445\u043e\u0434 REDKEN \u043d\u0430 \u0441\u0440\u0435\u0434\u043d\u044e\u044e \u0434\u043b\u0438\u043d\u0443 \u0432\u043e\u043b\u043e\u0441", "description": null, "price": "2000", "category": 23, "subcategory": 16, "for_inline": null}}, {"model": "salon.priceitem", "pk": 79, "fields": {"title": "\u0423\u0445\u043e\u0434 REDKEN \u043d\u0430 \u0434\u043b\u0438\u043d\u043d\u044b\u0435 \u0432\u043e\u043b\u043e\u0441\u044b", "description": null, "price": "2500", "category": 23, "subcategory": 16, "for_inline": null}}, {"model": "salon.priceitem", "pk": 80, "fields": {"title": "\u0423\u0445\u043e\u0434 Essence Shots (\u0431\u043e\u0442\u043e\u043a\u0441) \u043d\u0430 \u043a\u043e\u0440\u043e\u0442\u043a\u0438\u0435 \u0432\u043e\u043b\u043e\u0441\u044b", "description": null, "price": "3000", "category": 23, "subcategory": 16, "for_inline": null}}, {"model": "salon.priceitem", "pk": 81, "fields": {"title": "\u0423\u0445\u043e\u0434 Essence Shots (\u0431\u043e\u0442\u043e\u043a\u0441) \u0441\u0440\u0435\u0434\u043d\u044e\u044e \u0434\u043b\u0438\u043d\u0443 \u0432\u043e\u043b\u043e\u0441", "description": null, "price": "4000", "category": 23, "subcategory": 16, "for_inline": null}}, {"model": "salon.priceitem", "pk": 82, "fields": {"title": "\u0423\u0445\u043e\u0434 Essence Shots (\u0431\u043e\u0442\u043e\u043a\u0441) \u0434\u043b\u0438\u043d\u043d\u044b\u0435 \u0432\u043e\u043b\u043e\u0441\u044b", "description": null, "price": "5000", "category": 23, "subcategory": 16, "for_inline": null}}, {"model": "salon.priceitem", "pk": 83, "fields": {"title": "\u0414\u043d\u0435\u0432\u043d\u043e\u0439 \u043c\u0430\u043a\u0438\u044f\u0436", "description": null, "price": "2000", "category": 13, "subcategory": null, "for_inline": null}}, {"model": "salon.priceitem", "pk": 84, "fields": {"title": "\u0412\u0435\u0447\u0435\u0440\u043d\u0438\u0439 \u043c\u0430\u043a\u0438\u044f\u0436", "description": null, "price": "2500", "category": 13, "subcategory": null, "for_inline": null}}, {"model": "salon.priceitem", "pk": 85, "fields": {"title": "\u0415\u0441\u0442\u0435\u0441\u0442\u0432\u0435\u043d\u043d\u044b\u0439 \u043c\u0430\u043a\u0438\u044f\u0436", "description": null, "price": "1500", "category": 13, "subcategory": null, "for_inline": null}}, {"model": "salon.priceitem", "pk": 86, "fields": {"title": "Smoky eyes", "description": null, "price": "2500", "category": 13, "subcategory": null, "for_inline": null}}, {"model": "salon.priceitem", "pk": 87, "fields": {"title": "\u0410\u043d\u0442\u0438\u0432\u043e\u0437\u0440\u0430\u0441\u0442\u043d\u043e\u0439 \u043c\u0430\u043a\u0438\u044f\u0436", "description": null, "price": "2500", "category": 13, "subcategory": null, "for_inline": null}}, {"model": "salon.priceitem", "pk": 88, "fields": {"title": "\u0421\u0432\u0430\u0434\u0435\u0431\u043d\u044b\u0439 \u043c\u0430\u043a\u0438\u044f\u0436", "description": null, "price": "2500", "category": 13, "subcategory": null, "for_inline": null}}, {"model": "salon.priceitem", "pk": 89, "fields": {"title": "\u041c\u0430\u043a\u0438\u044f\u0436 \u0434\u043b\u044f \u0444\u043e\u0442\u043e\u0441\u0435\u0441\u0441\u0438\u0439", "description": null, "price": "3000", "category": 13, "subcategory": null, "for_inline": null}}, {"model": "salon.priceitem", "pk": 90, "fields": {"title": "\u041d\u0430\u043a\u043b\u0430\u0434\u043d\u044b\u0435 \u0440\u0435\u0441\u043d\u0438\u0446\u044b", "description": null, "price": "500", "category": 13, "subcategory": null, "for_inline": null}}, {"model": "salon.priceitem", "pk": 91, "fields": {"title": "\u041a\u043e\u0440\u0440\u0435\u043a\u0446\u0438\u044f \u0431\u0440\u043e\u0432\u0435\u0439", "description": null, "price": "\u043e\u0442 400", "category": 14, "subcategory": null, "for_inline": null}}, {"model": "salon.priceitem", "pk": 92, "fields": {"title": "\u041f\u0440\u0438\u0434\u0430\u043d\u0438\u0435 \u0444\u043e\u0440\u043c\u044b", "description": null, "price": "600", "category": 14, "subcategory": null, "for_inline": null}}, {"model": "salon.priceitem", "pk": 93, "fields": {"title": "\u041e\u043a\u0440\u0430\u0448\u0438\u0432\u0430\u043d\u0438\u0435 \u0431\u0440\u043e\u0432\u0435\u0439 \u043a\u0440\u0430\u0441\u043a\u043e\u0439", "description": null, "price": "400", "category": 14, "subcategory": null, "for_inline": null}}, {"model": "salon.priceitem", "pk": 94, "fields": {"title": "\u041e\u043a\u0440\u0430\u0448\u0438\u0432\u0430\u043d\u0438\u0435 \u0431\u0440\u043e\u0432\u0435\u0439 \u0445\u043d\u043e\u0439", "description": null, "price": "850", "category": 14, "subcategory": null, "for_inline": null}}, {"model": "salon.priceitem", "pk": 95, "fields": {"title": "\u041e\u043a\u0440\u0430\u0448\u0438\u0432\u0430\u043d\u0438\u0435 \u0440\u0435\u0441\u043d\u0438\u0446 \u043a\u0440\u0430\u0441\u043a\u043e\u0439", "description": null, "price": "500", "category": 14, "subcategory": null, "for_inline": null}}, {"model": "salon.priceitem", "pk": 96, "fields": {"title": "\u0427\u0438\u0441\u0442\u043a\u0430 \u0422 \u0437\u043e\u043d\u044b (1\u0447. 2\u043e\u043c\u0438\u043d.)", "description": null, "price": "2200", "category": 15, "subcategory": null, "for_inline": null}}, {"model": "salon.priceitem", "pk": 97, "fields": {"title": "\u0427\u0438\u0441\u0442\u043a\u0430 \u043b\u0438\u0446\u0430 + \u0443\u0445\u043e\u0434 (2 \u0447.)", "description": null, "price": "3600/4100", "category": 15, "subcategory": null, "for_inline": null}}, {"model": "salon.priceitem", "pk": 98, "fields": {"title": "\u0423\u0445\u043e\u0434 \u043f\u043e \u0442\u0438\u043f\u0443 \u043a\u043e\u0436\u0438 (1\u0447. \u0437\u043e\u043c\u0438\u043d.)", "description": null, "price": "2700/4000", "category": 15, "subcategory": null, "for_inline": null}}, {"model": "salon.priceitem", "pk": 99, "fields": {"title": "\u041c\u0430\u0441\u0441\u0430\u0436 \u0441\u043a\u0443\u043b\u044c\u043f\u0442\u0443\u0440\u043d\u044b\u0439 (45 \u043c\u0438\u043d.)", "description": null, "price": "2000", "category": 15, "subcategory": null, "for_inline": null}}, {"model": "salon.priceitem", "pk": 100, "fields": {"title": "\u041c\u0430\u0441\u0441\u0430\u0436 \u0441\u043a\u0443\u043b\u044c\u043f\u0442\u0443\u0440\u043d\u044b\u0439 \u043f\u043e \u043c\u0430\u0441\u043a\u0435", "description": null, "price": "2000", "category": 15, "subcategory": null, "for_inline": null}}, {"model": "salon.priceitem", "pk": 101, "fields": {"title": "\u041c\u0430\u0441\u0441\u0430\u0436 \u043a\u043b\u0430\u0441\u0441\u0438\u0447\u0435\u0441\u043a\u0438\u0439 (30 \u043c\u0438\u043d.)", "description": null, "price": "1500", "category": 15, "subcategory": null, "for_inline": null}}, {"model": "salon.priceitem", "pk": 102, "fields": {"title": "\u041c\u0430\u0441\u0441\u0430\u0436 \u0433\u043e\u043b\u043e\u0432\u044b (15 \u043c\u0438\u043d.)", "description": null, "price": "900", "category": 15, "subcategory": null, "for_inline": null}}, {"model": "salon.priceitem", "pk": 103, "fields": {"title": "\u041c\u0430\u0441\u043a\u0430 \u043c\u0438\u043e\u043b\u0438\u0444\u0442\u0438\u043d\u0433", "description": null, "price": "900", "category": 15, "subcategory": null, "for_inline": null}}, {"model": "salon.priceitem", "pk": 104, "fields": {"title": "\u041f\u043e\u0434\u043c\u044b\u0448\u0435\u0447\u043d\u044b\u0435 \u0432\u043f\u0430\u0434\u0438\u043d\u044b (\u0432\u043e\u0441\u043a)", "description": null, "price": "\u043e\u0442 700", "category": 16, "subcategory": null, "for_inline": null}}, {"model": "salon.priceitem", "pk": 105, "fields": {"title": "\u041f\u043e\u0434\u043c\u044b\u0448\u0435\u0447\u043d\u044b\u0435 \u0432\u043f\u0430\u0434\u0438\u043d\u044b (\u0441\u0430\u0445\u0430\u0440)", "description": null, "price": "\u043e\u0442 800", "category": 16, "subcategory": null, "for_inline": null}}, {"model": "salon.priceitem", "pk": 106, "fields": {"title": "\u0411\u0438\u043a\u0438\u043d\u0438 \u0433\u043b\u0443\u0431\u043e\u043a\u043e\u0435 (\u0432\u043e\u0441\u043a)", "description": null, "price": "\u043e\u0442 1800", "category": 16, "subcategory": null, "for_inline": null}}, {"model": "salon.priceitem", "pk": 107, "fields": {"title": "\u0411\u0438\u043a\u0438\u043d\u0438 \u0433\u043b\u0443\u0431\u043e\u043a\u043e\u0435 (\u0441\u0430\u0445\u0430\u0440)", "description": null, "price": "\u043e\u0442 2100", "category": 16, "subcategory": null, "for_inline": null}}, {"model": "salon.priceitem", "pk": 108, "fields": {"title": "\u0411\u0438\u043a\u0438\u043d\u0438 \u043a\u043b\u0430\u0441\u0441\u0438\u0447\u0435\u0441\u043a\u043e\u0435 (\u0432\u043e\u0441\u043a)", "description": null, "price": "\u043e\u0442 1200", "category": 16, "subcategory": null, "for_inline": null}}, {"model": "salon.priceitem", "pk": 109, "fields": {"title": "\u0411\u0438\u043a\u0438\u043d\u0438 \u043a\u043b\u0430\u0441\u0441\u0438\u0447\u0435\u0441\u043a\u043e\u0435 (\u0441\u0430\u0445\u0430\u0440)", "description": null, "price": "\u043e\u0442 1500", "category": 16, "subcategory": null, "for_inline": null}}, {"model": "salon.priceitem", "pk": 110, "fields": {"title": "\u0421\u0442\u0440\u0438\u043d\u0433\u0438 (\u0432\u043e\u0441\u043a)", "description": null, "price": "\u043e\u0442 1600", "category": 16, "subcategory": null, "for_inline": null}}, {"model": "salon.priceitem", "pk": 111, "fields": {"title": "\u0421\u0442\u0440\u0438\u043d\u0433\u0438 (\u0441\u0430\u0445\u0430\u0440)", "description": null, "price": "\u043e\u0442 1800", "category": 16, "subcategory": null, "for_inline": null}}, {"model": "salon.priceitem", "pk": 112, "fields": {"title": "\u041d\u043e\u0433\u0438 \u043f\u043e\u043b\u043d\u043e\u0441\u0442\u044c\u044e (\u0432\u043e\u0441\u043a)", "description": null, "price": "\u043e\u0442 1700", "category": 16, "subcategory": null, "for_inline": null}}, {"model": "salon.priceitem", "pk": 113, "fields": {"title": "\u041d\u043e\u0433\u0438 \u043f\u043e\u043b\u043d\u043e\u0441\u0442\u044c\u044e (\u0441\u0430\u0445\u0430\u0440)", "description": null, "price": "\u043e\u0442 2000", "category": 16, "subcategory": null, "for_inline": null}}, {"model": "salon.priceitem", "pk": 114, "fields": {"title": "\u041d\u043e\u0433\u0438 \u0434\u043e \u043a\u043e\u043b\u0435\u043d (\u0432\u043e\u0441\u043a)", "description": null, "price": "\u043e\u0442 800", "category": 16, "subcategory": null, "for_inline": null}}, {"model": "salon.priceitem", "pk": 115, "fields": {"title": "\u041d\u043e\u0433\u0438 \u0434\u043e \u043a\u043e\u043b\u0435\u043d (\u0441\u0430\u0445\u0430\u0440)", "description": null, "price": "\u043e\u0442 1000", "category": 16, "subcategory": null, "for_inline": null}}, {"model": "salon.priceitem", "pk": 116, "fields": {"title": "\u041d\u043e\u0433\u0438 \u0432\u044b\u0448\u0435 \u043a\u043e\u043b\u0435\u043d (\u0432\u043e\u0441\u043a)", "description": null, "price": "\u043e\u0442 800", "category": 16, "subcategory": null, "for_inline": null}}, {"model": "salon.priceitem", "pk": 117, "fields": {"title": "\u041d\u043e\u0433\u0438 \u0432\u044b\u0448\u0435 \u043a\u043e\u043b\u0435\u043d (\u0441\u0430\u0445\u0430\u0440)", "description": null, "price": "\u043e\u0442 1000", "category": 16, "subcategory": null, "for_inline": null}}, {"model": "salon.priceitem", "pk": 118, "fields": {"title": "\u0420\u0443\u043a\u0438 (\u0432\u043e\u0441\u043a)", "description": null, "price": "\u043e\u0442 700", "category": 16, "subcategory": null, "for_inline": null}}, {"model": "salon.priceitem", "pk": 119, "fields": {"title": "\u0420\u0443\u043a\u0438 (\u0441\u0430\u0445\u0430\u0440)", "description": null, "price": "\u043e\u0442 800", "category": 16, "subcategory": null, "for_inline": null}}, {"model": "salon.priceitem", "pk": 120, "fields": {"title": "\u041d\u0430\u0434 \u0432\u0435\u0440\u0445\u043d\u0435\u0439 \u0433\u0443\u0431\u043e\u0439 (\u0432\u043e\u0441\u043a)", "description": null, "price": "\u043e\u0442 200", "category": 16, "subcategory": null, "for_inline": null}}, {"model": "salon.priceitem", "pk": 121, "fields": {"title": "\u041d\u043e\u0441", "description": null, "price": "\u043e\u0442 200", "category": 16, "subcategory": null, "for_inline": null}}, {"model": "salon.priceitem", "pk": 122, "fields": {"title": "\u0428\u0430\u043c\u043f\u0443\u043d\u044c Redken color extend magnetic (300mll)", "description": null, "price": "1440", "category": 18, "subcategory": 27, "for_inline": null}}, {"model": "salon.priceitem", "pk": 123, "fields": {"title": "\u041a\u043e\u043d\u0434\u0438\u0446\u0438\u043e\u043d\u0435\u0440  Redken color extend magnetic (250mll)", "description": null, "price": "1800", "category": 18, "subcategory": 27, "for_inline": null}}, {"model": "salon.priceitem", "pk": 124, "fields": {"title": "\u0428\u0430\u043c\u043f\u0443\u043d\u044c  Redken color extend magnetic (500mll)", "description": null, "price": "2100", "category": 18, "subcategory": 27, "for_inline": null}}, {"model": "salon.priceitem", "pk": 125, "fields": {"title": "\u041a\u043e\u043d\u0434\u0438\u0446\u0438\u043e\u043d\u0435\u0440  Redken color extend magnetic (500mll)", "description": null, "price": "2700", "category": 18, "subcategory": 27, "for_inline": null}}, {"model": "salon.priceitem", "pk": 126, "fields": {"title": "\u0428\u0430\u043c\u043f\u0443\u043d\u044c Redken Extreme (300mll)", "description": null, "price": "1440", "category": 18, "subcategory": 27, "for_inline": null}}, {"model": "salon.priceitem", "pk": 127, "fields": {"title": "\u041a\u043e\u043d\u0434\u0438\u0446\u0438\u043e\u043d\u0435\u0440 Redken Extreme (250mll)", "description": null, "price": "1800", "category": 18, "subcategory": 27, "for_inline": null}}, {"model": "salon.priceitem", "pk": 128, "fields": {"title": "\u0428\u0430\u043c\u043f\u0443\u043d\u044c Redken Extreme (500mll)", "description": null, "price": "2100", "category": 18, "subcategory": 27, "for_inline": null}}, {"model": "salon.priceitem", "pk": 129, "fields": {"title": "\u041a\u043e\u043d\u0434\u0438\u0446\u0438\u043e\u043d\u0435\u0440 Redken Extreme (500mll)", "description": null, "price": "2700", "category": 18, "subcategory": 27, "for_inline": null}}, {"model": "salon.priceitem", "pk": 130, "fields": {"title": "\u0428\u0430\u043c\u043f\u0443\u043d\u044c Redken All Soft (300mll)", "description": null, "price": "1440", "category": 18, "subcategory": 27, "for_inline": null}}, {"model": "salon.priceitem", "pk": 131, "fields": {"title": "\u041a\u043e\u043d\u0434\u0438\u0446\u0438\u043e\u043d\u0435\u0440 Redken All Soft (250mll)", "description": null, "price": "1800", "category": 18, "subcategory": 27, "for_inline": null}}, {"model": "salon.priceitem", "pk": 132, "fields": {"title": "\u0428\u0430\u043c\u043f\u0443\u043d\u044c Redken All Soft (500mll)", "description": null, "price": "2100", "category": 18, "subcategory": 27, "for_inline": null}}, {"model": "salon.priceitem", "pk": 133, "fields": {"title": "\u041a\u043e\u043d\u0434\u0438\u0446\u0438\u043e\u043d\u0435\u0440 Redken All Soft (500mll)", "description": null, "price": "2700", "category": 18, "subcategory": 27, "for_inline": null}}, {"model": "salon.priceitem", "pk": 134, "fields": {"title": "\u0428\u0430\u043c\u043f\u0443\u043d\u044c Redken Highe-rise volume (500mll)", "description": null, "price": "2100", "category": 18, "subcategory": 27, "for_inline": null}}, {"model": "salon.priceitem", "pk": 135, "fields": {"title": "\u041a\u043e\u043d\u0434\u0438\u0446\u0438\u043e\u043d\u0435\u0440 Redken Highe-rise volume (500mll)", "description": null, "price": "2700", "category": 18, "subcategory": 27, "for_inline": null}}, {"model": "salon.priceitem", "pk": 136, "fields": {"title": "\u0428\u0430\u043c\u043f\u0443\u043d\u044c Redken Diamond oil glow dry (500mll)", "description": null, "price": "2100", "category": 18, "subcategory": 27, "for_inline": null}}, {"model": "salon.priceitem", "pk": 137, "fields": {"title": "\u041a\u043e\u043d\u0434\u0438\u0446\u0438\u043e\u043d\u0435\u0440 Redken Diamond oil glow dry (500mll)", "description": null, "price": "2700", "category": 18, "subcategory": 27, "for_inline": null}}, {"model": "salon.priceitem", "pk": 138, "fields": {"title": "\u0428\u0430\u043c\u043f\u0443\u043d\u044c Redken Frizz dismiss (500mll)", "description": null, "price": "2100", "category": 18, "subcategory": 27, "for_inline": null}}, {"model": "salon.priceitem", "pk": 139, "fields": {"title": "\u041a\u043e\u043d\u0434\u0438\u0446\u0438\u043e\u043d\u0435\u0440 Redken Frizz dismiss (500mll)", "description": null, "price": "2700", "category": 18, "subcategory": 27, "for_inline": null}}, {"model": "salon.priceitem", "pk": 140, "fields": {"title": "\u0428\u0430\u043c\u043f\u0443\u043d\u044c Redken Blonde idol (300mll)", "description": null, "price": "1440", "category": 18, "subcategory": 27, "for_inline": null}}, {"model": "salon.priceitem", "pk": 141, "fields": {"title": "\u041c\u0430\u0441\u043a\u0430 Redken Blonde idol (250mll)", "description": null, "price": "2290", "category": 18, "subcategory": 27, "for_inline": null}}, {"model": "salon.priceitem", "pk": 142, "fields": {"title": "\u0421\u043f\u0440\u0435\u0439 Redken \u0441\u0443\u043f\u0435\u0440 \u0441\u0438\u043b\u044c\u043d\u043e\u0439 \u0444\u0438\u043a\u0441\u0430\u0446\u0438\u0438 (400mll)", "description": null, "price": "860", "category": 18, "subcategory": 27, "for_inline": null}}, {"model": "salon.priceitem", "pk": 143, "fields": {"title": "\u0421\u043f\u0440\u0435\u0439 Redken \u043c\u0433\u043d\u043e\u0432\u0435\u043d\u043d\u043e\u0439 \u0444\u0438\u043a\u0441\u0430\u0446\u0438\u0438 (4\u043e\u043e\u043f11)", "description": null, "price": "1300", "category": 18, "subcategory": 27, "for_inline": null}}, {"model": "salon.priceitem", "pk": 144, "fields": {"title": "\u041c\u0443\u043b\u044c\u0442\u0438\u0444\u0443\u043d\u043a\u0446\u0438\u043e\u043d\u0430\u043b\u044c\u043d\u044b\u0439 \u0441\u043f\u0440\u0435\u0439 Redken (1501111)", "description": null, "price": "2770", "category": 18, "subcategory": 27, "for_inline": null}}, {"model": "salon.priceitem", "pk": 145, "fields": {"title": "\u041c\u0430\u0441\u043b\u043e Redken Diamond oil glow dry (100mll)", "description": null, "price": "2460", "category": 18, "subcategory": 27, "for_inline": null}}, {"model": "salon.priceitem", "pk": 146, "fields": {"title": "\u041c\u0430\u0441\u043b\u043e Redken All soft \u043a\u043e\u043c\u043f\u043b\u0435\u043a\u0441\u043d\u044b\u0439 \u0443\u0445\u043e\u0434 (90mll)", "description": null, "price": "1260", "category": 18, "subcategory": 27, "for_inline": null}}, {"model": "salon.priceitem", "pk": 147, "fields": {"title": "\u0428\u0430\u043c\u043f\u0443\u043d\u044c JOICO \u041a-\u0420\u0410\u041a \u0434\u043b\u044f \u043e\u043a\u0440\u0430\u0448\u0435\u043d\u043d\u044b\u0445 \u0432\u043e\u043b\u043e\u0441 (300mll)", "description": null, "price": "1730", "category": 18, "subcategory": 27, "for_inline": null}}, {"model": "salon.priceitem", "pk": 148, "fields": {"title": "\u041a\u043e\u043d\u0434\u0438\u0446\u0438\u043e\u043d\u0435\u0440 JOICO \u041a-\u0420\u0410\u041a \u0434\u043b\u044f \u043e\u043a\u0440\u0430\u0448\u0435\u043d\u043d\u044b\u0445 \u0432\u043e\u043b\u043e\u0441 (300mll)", "description": null, "price": "1850", "category": 18, "subcategory": 27, "for_inline": null}}, {"model": "salon.priceitem", "pk": 149, "fields": {"title": "\u0428\u0430\u043c\u043f\u0443\u043d\u044c JOICO Endure violet \u0434\u043b\u044f \u043e\u0441\u0432\u0435\u0442\u043b\u0435\u043d\u043d\u044b\u0445 \u0438 \u0441\u0435\u0434\u044b\u0445 \u0432\u043e\u043b\u043e\u0441", "description": null, "price": "1650", "category": 18, "subcategory": 27, "for_inline": null}}, {"model": "salon.priceitem", "pk": 150, "fields": {"title": "\u041a\u043e\u043d\u0434\u0438\u0446\u0438\u043e\u043d\u0435\u0440 JOICO Endure violet \u0434\u043b\u044f \u043e\u0441\u0432\u0435\u0442\u043b\u0435\u043d\u043d\u044b\u0445 \u0438 \u0441\u0435\u0434\u044b\u0445 \u0432\u043e\u043b\u043e\u0441", "description": null, "price": "1750", "category": 18, "subcategory": 27, "for_inline": null}}, {"model": "salon.priceitem", "pk": 151, "fields": {"title": "\u0428\u0430\u043c\u043f\u0443\u043d\u044c JOICO Body luxe \u0434\u043b\u044f \u043f\u044b\u0448\u043d\u043e\u0441\u0442\u0438 \u0438 \u043e\u0431\u044a\u0451\u043c\u0430 (300mll)", "description": null, "price": "1570", "category": 18, "subcategory": 27, "for_inline": null}}, {"model": "salon.priceitem", "pk": 152, "fields": {"title": "\u041a\u043e\u043d\u0434\u0438\u0446\u0438\u043e\u043d\u0435\u0440 JOICO Body luxe \u0434\u043b\u044f \u043f\u044b\u0448\u043d\u043e\u0441\u0442\u0438 \u0438 \u043e\u0431\u044a\u0451\u043c\u0430 (300mll)", "description": null, "price": "1600", "category": 18, "subcategory": 27, "for_inline": null}}, {"model": "salon.priceitem", "pk": 153, "fields": {"title": "\u042d\u043b\u0438\u043a\u0441\u0438\u0440 JOICO Body luxe \u0434\u043b\u044f \u043f\u044b\u0448\u043d\u043e\u0441\u0442\u0438 \u0438 \u043e\u0431\u044a\u0451\u043c\u0430 (2001111)", "description": null, "price": "1600", "category": 18, "subcategory": 27, "for_inline": null}}, {"model": "salon.priceitem", "pk": 154, "fields": {"title": "\u0428\u0430\u043c\u043f\u0443\u043d\u044c JOICO Blonde life \u0431\u0435\u0437\u0443\u043f\u0440\u0435\u0447\u043d\u044b\u0439 \u0431\u043b\u043e\u043d\u0434 (300mll)", "description": null, "price": "1750", "category": 18, "subcategory": 27, "for_inline": null}}, {"model": "salon.priceitem", "pk": 155, "fields": {"title": "\u041a\u043e\u043d\u0434\u0438\u0446\u0438\u043e\u043d\u0435\u0440 JOICO Blonde life \u0431\u0435\u0437\u0443\u043f\u0440\u0435\u0447\u043d\u044b\u0439 \u0431\u043b\u043e\u043d\u0434 (250mll)", "description": null, "price": "1820", "category": 18, "subcategory": 27, "for_inline": null}}, {"model": "salon.priceitem", "pk": 156, "fields": {"title": "\u041c\u0430\u0441\u043a\u0430 JOICO Blonde life \u0431\u0440\u0438\u043b\u043b\u0438\u0430\u043d\u0442\u043e\u0432\u044b\u0439 \u0431\u043b\u043e\u043d\u0434 (1501111)", "description": null, "price": "2540", "category": 18, "subcategory": 27, "for_inline": null}}, {"model": "salon.priceitem", "pk": 157, "fields": {"title": "\u0428\u0430\u043c\u043f\u0443\u043d\u044c Redken Clear brew \u0441 \u043f\u0438\u0432\u043d\u044b\u043c\u0438 \u0434\u0440\u043e\u0436\u0436\u0430\u043c\u0438 (250mll)", "description": null, "price": "1310", "category": 18, "subcategory": 22, "for_inline": null}}, {"model": "salon.priceitem", "pk": 158, "fields": {"title": "\u0428\u0430\u043c\u043f\u0443\u043d\u044c Redken Go clean \u0434\u043b\u044f \u043d\u043e\u0440\u043c\u0430\u043b\u044c\u043d\u044b\u0445 \u0438 \u0441\u0443\u0445\u0438\u0445 \u0432\u043e\u043b\u043e\u0441 (300mll)", "description": null, "price": "1310", "category": 18, "subcategory": 22, "for_inline": null}}, {"model": "salon.priceitem", "pk": 159, "fields": {"title": "\u0428\u0430\u043c\u043f\u0443\u043d\u044c Redken Mint clean \u0442\u043e\u043d\u0438\u0437\u0438\u0440\u0443\u044e\u0449\u0438\u0439 (300mll)", "description": null, "price": "1330", "category": 18, "subcategory": 22, "for_inline": null}}, {"model": "salon.priceitem", "pk": 160, "fields": {"title": "\u041a\u0440\u0435\u043c \u0434\u043b\u044f \u0437\u0430\u0432\u0435\u0440\u0448\u0435\u043d\u0438\u044f \u0443\u043a\u043b\u0430\u0434\u043a\u0438 Redken get groomed (150mll)", "description": null, "price": "1220", "category": 18, "subcategory": 22, "for_inline": null}}, {"model": "salon.priceitem", "pk": 161, "fields": {"title": "\u0412\u043e\u0441\u043a \u0434\u043b\u044f \u0443\u043a\u043b\u0430\u0434\u043a\u0438 \u0432\u043e\u043b\u043e\u0441 Redken Maneuver (100mll)", "description": null, "price": "1220", "category": 18, "subcategory": 22, "for_inline": null}}]
