[{"model": "salon.category", "pk": 25, "fields": {"title": "\u041d\u043e\u0433\u0442\u0435\u0432\u043e\u0439 \u0441\u0435\u0440\u0432\u0438\u0441", "description": null}}, {"model": "salon.category", "pk": 26, "fields": {"title": "\u041f\u0430\u0440\u0438\u043a\u043c\u0430\u0445\u0435\u0440\u0441\u043a\u0438\u0435 \u0443\u0441\u043b\u0443\u0433\u0438", "description": null}}, {"model": "salon.category", "pk": 27, "fields": {"title": "\u041c\u0430\u043a\u0438\u044f\u0436", "description": null}}, {"model": "salon.category", "pk": 28, "fields": {"title": "\u0411\u0440\u043e\u0432\u0438 \u0438 \u0440\u0435\u0441\u043d\u0438\u0446\u044b", "description": null}}, {"model": "salon.category", "pk": 29, "fields": {"title": "\u042d\u0441\u0442\u0435\u0442\u0438\u0447\u0435\u0441\u043a\u0430\u044f \u043a\u043e\u0441\u043c\u0435\u0442\u043e\u043b\u043e\u0433\u0438\u044f", "description": null}}, {"model": "salon.category", "pk": 30, "fields": {"title": "\u041a\u0430\u0431\u0438\u043d\u0435\u0442 \u0434\u0435\u043f\u0438\u043b\u044f\u0446\u0438\u0438", "description": null}}, {"model": "salon.category", "pk": 31, "fields": {"title": "\u041f\u0440\u043e\u0434\u0443\u043a\u0446\u0438\u044f", "description": null}}, {"model": "salon.subcategory", "pk": 29, "fields": {"title": "\u0416\u0435\u043d\u0441\u043a\u0438\u0439 \u043c\u0430\u043d\u0438\u043a\u044e\u0440", "category": 25, "description": null}}, {"model": "salon.subcategory", "pk": 30, "fields": {"title": "\u041c\u0430\u043d\u0438\u043a\u044e\u0440 \u0441 \u043f\u043e\u043a\u0440\u044b\u0442\u0438\u0435\u043c OPI/CND/BEAUTIX", "category": 25, "description": null}}, {"model": "salon.subcategory", "pk": 31, "fields": {"title": "\u041f\u043e\u043a\u0440\u044b\u0442\u0438\u0435 OPI/CND/BEAU\u0422IX", "category": 25, "description": null}}, {"model": "salon.subcategory", "pk": 32, "fields": {"title": "\u0414\u043e\u043f\u043e\u043b\u043d\u0438\u0442\u0435\u043b\u044c\u043d\u043e", "category": 25, "description": null}}, {"model": "salon.subcategory", "pk": 33, "fields": {"title": "\u0416\u0435\u043d\u0441\u043a\u0438\u0439 \u043f\u0435\u0434\u0438\u043a\u044e\u0440", "category": 25, "description": null}}, {"model": "salon.subcategory", "pk": 34, "fields": {"title": "\u041c\u0443\u0436\u0441\u043a\u043e\u0439 \u043c\u0430\u043d\u0438\u043a\u044e\u0440", "category": 25, "description": null}}, {"model": "salon.subcategory", "pk": 35, "fields": {"title": "\u041c\u0443\u0436\u0441\u043a\u043e\u0439 \u043f\u0435\u0434\u0438\u043a\u044e\u0440", "category": 25, "description": null}}, {"model": "salon.subcategory", "pk": 36, "fields": {"title": "\u0421\u0442\u0440\u0438\u0436\u043a\u0438 \u0438 \u0443\u043a\u043b\u0430\u0434\u043a\u0438 (\u0434\u0435\u0432\u0443\u0448\u043a\u0438)", "category": 26, "description": null}}, {"model": "salon.subcategory", "pk": 37, "fields": {"title": "\u0421\u0442\u0440\u0438\u0436\u043a\u0438 \u0438 \u0443\u043a\u043b\u0430\u0434\u043a\u0438 (\u043c\u0443\u0436\u0447\u0438\u043d\u044b)", "category": 26, "description": null}}, {"model": "salon.subcategory", "pk": 38, "fields": {"title": "\u0414\u043e\u043f\u043e\u043b\u043d\u0438\u0442\u0435\u043b\u044c\u043d\u043e", "category": 26, "description": null}}, {"model": "salon.subcategory", "pk": 39, "fields": {"title": "\u041e\u043a\u0440\u0430\u0448\u0438\u0432\u0430\u043d\u0438\u0435", "category": 26, "description": null}}, {"model": "salon.subcategory", "pk": 40, "fields": {"title": "\u0423\u0445\u043e\u0434\u044b", "category": 26, "description": null}}, {"model": "salon.subcategory", "pk": 41, "fields": {"title": "\u041c\u0430\u043a\u0438\u044f\u0436", "category": 27, "description": null}}, {"model": "salon.subcategory", "pk": 42, "fields": {"title": "\u0411\u0440\u043e\u0432\u0438 \u0438 \u0440\u0435\u0441\u043d\u0438\u0446\u044b", "category": 28, "description": null}}, {"model": "salon.subcategory", "pk": 43, "fields": {"title": "\u042d\u0441\u0442\u0435\u0442\u0438\u0447\u0435\u0441\u043a\u0430\u044f \u043a\u043e\u0441\u043c\u0435\u0442\u043e\u043b\u043e\u0433\u0438\u044f", "category": 29, "description": null}}, {"model": "salon.subcategory", "pk": 44, "fields": {"title": "\u041a\u0430\u0431\u0438\u043d\u0435\u0442 \u0434\u0435\u043f\u0438\u043b\u044f\u0446\u0438\u0438", "category": 30, "description": null}}, {"model": "salon.subcategory", "pk": 45, "fields": {"title": "\u041f\u0440\u043e\u0434\u0443\u043a\u0446\u0438\u044f \u0434\u043b\u044f \u0436\u0435\u043d\u0449\u0438\u043d", "category": 31, "description": null}}, {"model": "salon.subcategory", "pk": 46, "fields": {"title": "\u041f\u0440\u043e\u0434\u0443\u043a\u0446\u0438\u044f \u0434\u043b\u044f \u043c\u0443\u0436\u0447\u0438\u043d", "category": 31, "description": null}}, {"model": "salon.priceitem", "pk": 165, "fields": {"title": "\u0410\u043f\u043f\u0430\u0440\u0430\u0442\u043d\u044b\u0439", "description": null, "price": "1 000", "category": 25, "subcategory": 29, "for_inline": null}}, {"model": "salon.priceitem", "pk": 166, "fields": {"title": "\u0415\u0432\u0440\u043e\u043f\u0435\u0439\u0441\u043a\u0438\u0439", "description": null, "price": "800", "category": 25, "subcategory": 29, "for_inline": null}}, {"model": "salon.priceitem", "pk": 167, "fields": {"title": "\u041a\u043b\u0430\u0441\u0441\u0438\u0447\u0435\u0441\u043a\u0438\u0439.", "description": null, "price": "900", "category": 25, "subcategory": 29, "for_inline": null}}, {"model": "salon.priceitem", "pk": 168, "fields": {"title": "\u041a\u043b\u0430\u0441\u0441\u0438\u0447\u0435\u0441\u043a\u0438\u0439+ \u0433\u0435\u043b\u044c-\u043b\u0430\u043a", "description": null, "price": "1 700/2 000", "category": 25, "subcategory": 30, "for_inline": null}}, {"model": "salon.priceitem", "pk": 169, "fields": {"title": "\u041c\u0430\u043d\u0438\u043a\u044e\u0440+ \u0433\u0435\u043b\u044c-\u043b\u0430\u043a+ \u0443\u043a\u0440\u0435\u043f\u043b\u0435\u043d\u0438\u0435 IBD", "description": null, "price": "2 600/2 800", "category": 25, "subcategory": 30, "for_inline": null}}, {"model": "salon.priceitem", "pk": 170, "fields": {"title": "\u0423\u043a\u0440\u0435\u043f\u043b\u0435\u043d\u0438\u0435 \u0433\u0435\u043b\u0435\u043c IBD", "description": null, "price": "2 000", "category": 25, "subcategory": 30, "for_inline": null}}, {"model": "salon.priceitem", "pk": 171, "fields": {"title": "\u041d\u0430\u0440\u0430\u0449\u0438\u0432\u0430\u043d\u0438\u0435 \u043d\u0430 \u0442\u0438\u043f\u0441\u044b", "description": null, "price": "3 000", "category": 25, "subcategory": 30, "for_inline": null}}, {"model": "salon.priceitem", "pk": 172, "fields": {"title": "\u0413\u0435\u043b\u044c-\u043b\u0430\u043a (\u0446\u0432\u0435\u0442)", "description": null, "price": "800", "category": 25, "subcategory": 31, "for_inline": null}}, {"model": "salon.priceitem", "pk": 173, "fields": {"title": "\u0413\u0435\u043b\u044c-\u043b\u0430\u043a (French)", "description": null, "price": "1 000", "category": 25, "subcategory": 31, "for_inline": null}}, {"model": "salon.priceitem", "pk": 174, "fields": {"title": "\u0420\u0435\u043c\u043e\u043d\u0442 \u043e\u0434\u043d\u043e\u0433\u043e \u043d\u043e\u0433\u0442\u044f \u0430\u043a\u0440\u0438\u043b/\u0433\u0435\u043b\u044c", "description": null, "price": "250", "category": 25, "subcategory": 32, "for_inline": null}}, {"model": "salon.priceitem", "pk": 175, "fields": {"title": "\u0414\u0438\u0437\u0430\u0439\u043d \u043e\u0434\u043d\u043e\u0433\u043e \u043d\u043e\u0433\u0442\u044f", "description": null, "price": "\u043e\u0442 50", "category": 25, "subcategory": 32, "for_inline": null}}, {"model": "salon.priceitem", "pk": 176, "fields": {"title": "\u0421\u043d\u044f\u0442\u0438\u0435 \u0433\u0435\u043b\u044c-\u043b\u0430\u043a\u0430", "description": null, "price": "250", "category": 25, "subcategory": 32, "for_inline": null}}, {"model": "salon.priceitem", "pk": 177, "fields": {"title": "\u041f\u0430\u0440\u0430\u0444\u0438\u043d\u043e\u0442\u0435\u0440\u0430\u043f\u0438\u044f", "description": null, "price": "700", "category": 25, "subcategory": 32, "for_inline": null}}, {"model": "salon.priceitem", "pk": 178, "fields": {"title": "\u0410\u043f\u043f\u0430\u0440\u0430\u0442\u043d\u044b\u0439", "description": null, "price": "1 700", "category": 25, "subcategory": 33, "for_inline": null}}, {"model": "salon.priceitem", "pk": 179, "fields": {"title": "\u041a\u043b\u0430\u0441\u0441\u0438\u0447\u0435\u0441\u043a\u0438\u0439", "description": null, "price": "1 600", "category": 25, "subcategory": 33, "for_inline": null}}, {"model": "salon.priceitem", "pk": 180, "fields": {"title": "\u041e\u0431\u0440\u0430\u0431\u043e\u0442\u043a\u0430 \u043f\u0430\u043b\u044c\u0447\u0438\u043a\u043e\u0432", "description": null, "price": "1 000", "category": 25, "subcategory": 33, "for_inline": null}}, {"model": "salon.priceitem", "pk": 181, "fields": {"title": "\u041f\u043e\u043a\u0440\u044b\u0442\u0438\u0435 \u0433\u0435\u043b\u044c-\u043b\u0430\u043a", "description": null, "price": "800", "category": 25, "subcategory": 33, "for_inline": null}}, {"model": "salon.priceitem", "pk": 182, "fields": {"title": "\u041f\u043e\u043a\u0440\u044b\u0442\u0438\u0435 \u0433\u0435\u043b\u044c-\u043b\u0430\u043a French", "description": null, "price": "1 000", "category": 25, "subcategory": 33, "for_inline": null}}, {"model": "salon.priceitem", "pk": 183, "fields": {"title": "\u0421\u043d\u044f\u0442\u0438\u0435 \u043b\u0430\u043a\u0430", "description": null, "price": "250", "category": 25, "subcategory": 33, "for_inline": null}}, {"model": "salon.priceitem", "pk": 184, "fields": {"title": "\u0423\u0434\u0430\u043b\u0435\u043d\u0438\u0435 \u043c\u043e\u0437\u043e\u043b\u0438", "description": null, "price": "300/400", "category": 25, "subcategory": 33, "for_inline": null}}, {"model": "salon.priceitem", "pk": 185, "fields": {"title": "\u041a\u043b\u0430\u0441\u0441\u0438\u0447\u0435\u0441\u043a\u0438\u0439", "description": null, "price": "900", "category": 25, "subcategory": 34, "for_inline": null}}, {"model": "salon.priceitem", "pk": 186, "fields": {"title": "\u0410\u043f\u043f\u0430\u0440\u0430\u0442\u043d\u044b\u0439", "description": null, "price": "1 000", "category": 25, "subcategory": 34, "for_inline": null}}, {"model": "salon.priceitem", "pk": 187, "fields": {"title": "\u0424\u043e\u0440\u043c\u0430 \u043d\u043e\u0433\u0442\u0435\u0439", "description": null, "price": "250", "category": 25, "subcategory": 34, "for_inline": null}}, {"model": "salon.priceitem", "pk": 188, "fields": {"title": "\u041f\u043e\u043b\u0438\u0440\u043e\u0432\u043a\u0430 \u043d\u043e\u0433\u0442\u0435\u0439", "description": null, "price": "250", "category": 25, "subcategory": 34, "for_inline": null}}, {"model": "salon.priceitem", "pk": 189, "fields": {"title": "\u041a\u043b\u0430\u0441\u0441\u0438\u0447\u0435\u0441\u043a\u0438\u0439", "description": null, "price": "2 200", "category": 25, "subcategory": 35, "for_inline": null}}, {"model": "salon.priceitem", "pk": 190, "fields": {"title": "\u0410\u043f\u043f\u0430\u0440\u0430\u0442\u043d\u044b\u0439", "description": null, "price": "2 300", "category": 25, "subcategory": 35, "for_inline": null}}, {"model": "salon.priceitem", "pk": 191, "fields": {"title": "\u0421\u0442\u0440\u0438\u0436\u043a\u0430 \u0441 \u0443\u043a\u043b\u0430\u0434\u043a\u043e\u0439 (\u043a\u043e\u0440\u043e\u0442\u043a\u0438\u0435)", "description": null, "price": "1 950", "category": 26, "subcategory": 36, "for_inline": null}}, {"model": "salon.priceitem", "pk": 192, "fields": {"title": "\u0421\u0442\u0440\u0438\u0436\u043a\u0430 \u0441 \u0443\u043a\u043b\u0430\u0434\u043a\u043e\u0439 (\u0441\u0440\u0435\u0434\u043d\u044f\u044f \u0434\u043b\u0438\u043d\u0430)", "description": null, "price": "2 350", "category": 26, "subcategory": 36, "for_inline": null}}, {"model": "salon.priceitem", "pk": 193, "fields": {"title": "\u0421\u0442\u0440\u0438\u0436\u043a\u0430 \u0441 \u0443\u043a\u043b\u0430\u0434\u043a\u043e\u0439 (\u0434\u043b\u0438\u043d\u043d\u044b\u0435)", "description": null, "price": "2 850", "category": 26, "subcategory": 36, "for_inline": null}}, {"model": "salon.priceitem", "pk": 194, "fields": {"title": "\u0421\u0442\u0440\u0438\u0436\u043a\u0430 \u043e\u0434\u043d\u0438\u043c \u0441\u0440\u0435\u0437\u043e\u043c", "description": null, "price": "1 500", "category": 26, "subcategory": 36, "for_inline": null}}, {"model": "salon.priceitem", "pk": 195, "fields": {"title": "\u0421\u0442\u0440\u0438\u0436\u043a\u0430 \u0447\u0435\u043b\u043a\u0438", "description": null, "price": "500", "category": 26, "subcategory": 36, "for_inline": null}}, {"model": "salon.priceitem", "pk": 196, "fields": {"title": "\u041a\u043e\u0440\u0440\u0435\u043a\u0446\u0438\u044f \u0441\u0442\u0440\u0438\u0436\u043a\u0438 (\u043a\u043e\u0440\u043e\u0442\u043a\u0438\u0435)", "description": null, "price": "700", "category": 26, "subcategory": 36, "for_inline": null}}, {"model": "salon.priceitem", "pk": 197, "fields": {"title": "\u041a\u043e\u0440\u0440\u0435\u043a\u0446\u0438\u044f \u0441\u0442\u0440\u0438\u0436\u043a\u0438 (\u0441\u0440\u0435\u0434\u043d\u044f\u044f \u0434\u043b\u0438\u043d\u0430)", "description": null, "price": "850", "category": 26, "subcategory": 36, "for_inline": null}}, {"model": "salon.priceitem", "pk": 198, "fields": {"title": "\u041a\u043e\u0440\u0440\u0435\u043a\u0446\u0438\u044f \u0441\u0442\u0440\u0438\u0436\u043a\u0438 (\u0434\u043b\u0438\u043d\u043d\u044b\u0435)", "description": null, "price": "1 100", "category": 26, "subcategory": 36, "for_inline": null}}, {"model": "salon.priceitem", "pk": 199, "fields": {"title": "\u0423\u043a\u043b\u0430\u0434\u043a\u0430 \u0432\u043e\u043b\u043e\u0441 (\u043a\u043e\u0440\u043e\u0442\u043a\u0438\u0435)", "description": null, "price": "850", "category": 26, "subcategory": 36, "for_inline": null}}, {"model": "salon.priceitem", "pk": 200, "fields": {"title": "\u0423\u043a\u043b\u0430\u0434\u043a\u0430 \u0432\u043e\u043b\u043e\u0441 (\u0441\u0440\u0435\u0434\u043d\u044f\u044f \u0434\u043b\u0438\u043d\u0430)", "description": null, "price": "1 350", "category": 26, "subcategory": 36, "for_inline": null}}, {"model": "salon.priceitem", "pk": 201, "fields": {"title": "\u0423\u043a\u043b\u0430\u0434\u043a\u0430 \u0432\u043e\u043b\u043e\u0441 (\u0434\u043b\u0438\u043d\u043d\u044b\u0435)", "description": null, "price": "1 600", "category": 26, "subcategory": 36, "for_inline": null}}, {"model": "salon.priceitem", "pk": 202, "fields": {"title": "\u0423\u043a\u043b\u0430\u0434\u043a\u0430 \u043d\u0430 \u0431\u0440\u0430\u0448\u0438\u043d\u0433 (\u0441\u0440\u0435\u0434\u043d\u044f\u044f \u0434\u043b\u0438\u043d\u0430)", "description": null, "price": "1 950", "category": 26, "subcategory": 36, "for_inline": null}}, {"model": "salon.priceitem", "pk": 203, "fields": {"title": "\u0423\u043a\u043b\u0430\u0434\u043a\u0430 \u043d\u0430 \u0431\u0440\u0430\u0448\u0438\u043d\u0433 (\u0434\u043b\u0438\u043d\u043d\u044b\u0435)", "description": null, "price": "2 550", "category": 26, "subcategory": 36, "for_inline": null}}, {"model": "salon.priceitem", "pk": 204, "fields": {"title": "\u0423\u043a\u043b\u0430\u0434\u043a\u0430 \u0433\u043e\u0440\u044f\u0447\u0438\u043c\u0438 \u0438\u043d\u0441\u0442\u0440\u0443\u043c\u0435\u043d\u0442\u0430\u043c\u0438 (\u0441\u0440\u0435\u0434\u043d\u044f\u044f \u0434\u043b\u0438\u043d\u0430)", "description": null, "price": "1 900", "category": 26, "subcategory": 36, "for_inline": null}}, {"model": "salon.priceitem", "pk": 205, "fields": {"title": "\u0423\u043a\u043b\u0430\u0434\u043a\u0430 \u0433\u043e\u0440\u044f\u0447\u0438\u043c\u0438 \u0438\u043d\u0441\u0442\u0440\u0443\u043c\u0435\u043d\u0442\u0430\u043c\u0438 (\u0434\u043b\u0438\u043d\u043d\u044b\u0435)", "description": null, "price": "2 950", "category": 26, "subcategory": 36, "for_inline": null}}, {"model": "salon.priceitem", "pk": 206, "fields": {"title": "\u0421\u0442\u0440\u0438\u0436\u043a\u0430 \u043c\u0430\u0448\u0438\u043d\u043a\u043e\u0439", "description": null, "price": "900", "category": 26, "subcategory": 37, "for_inline": null}}, {"model": "salon.priceitem", "pk": 207, "fields": {"title": "\u0421\u0442\u0440\u0438\u0436\u043a\u0430 \u043d\u043e\u0436\u043d\u0438\u0446\u0430\u043c\u0438", "description": null, "price": "1 800/2 150", "category": 26, "subcategory": 37, "for_inline": null}}, {"model": "salon.priceitem", "pk": 208, "fields": {"title": "\u0423\u043a\u043b\u0430\u0434\u043a\u0430", "description": null, "price": "\u0431\u043e\u043e", "category": 26, "subcategory": 37, "for_inline": null}}, {"model": "salon.priceitem", "pk": 209, "fields": {"title": "\u041a\u043e\u0440\u0440\u0435\u043a\u0446\u0438\u044f \u0431\u043e\u0440\u043e\u0434\u044b / \u0443\u0441\u043e\u0432", "description": null, "price": "1 200", "category": 26, "subcategory": 37, "for_inline": null}}, {"model": "salon.priceitem", "pk": 210, "fields": {"title": "\u0421\u0442\u0440\u0438\u0436\u043a\u0430 \u0434\u0435\u0442\u0441\u043a\u0430\u044f (\u0434\u043e 7 \u043b\u0435\u0442)", "description": null, "price": "1 000", "category": 26, "subcategory": 38, "for_inline": null}}, {"model": "salon.priceitem", "pk": 211, "fields": {"title": "\u0412\u0435\u0447\u0435\u0440\u043d\u044f\u044f/\u0421\u0432\u0430\u0434\u0435\u0431\u043d\u0430\u044f \u0443\u043a\u043b\u0430\u0434\u043a\u0430 (\u0441\u0440\u0435\u0434\u043d\u044f\u044f \u0434\u043b\u0438\u043d\u0430)", "description": null, "price": "5 000", "category": 26, "subcategory": 38, "for_inline": null}}, {"model": "salon.priceitem", "pk": 212, "fields": {"title": "\u0412\u0435\u0447\u0435\u0440\u043d\u044f\u044f/\u0421\u0432\u0430\u0434\u0435\u0431\u043d\u0430\u044f \u0443\u043a\u043b\u0430\u0434\u043a\u0430 (\u0434\u043b\u0438\u043d\u043d\u044b\u0435)", "description": null, "price": "7 500", "category": 26, "subcategory": 38, "for_inline": null}}, {"model": "salon.priceitem", "pk": 213, "fields": {"title": "\u041a\u043e\u0441\u043e\u043f\u043b\u0435\u0442\u0435\u043d\u0438\u0435", "description": null, "price": "\u043e\u0442  1 000", "category": 26, "subcategory": 38, "for_inline": null}}, {"model": "salon.priceitem", "pk": 214, "fields": {"title": "\u041f\u0440\u0438\u043a\u043e\u0440\u043d\u0435\u0432\u043e\u0435 \u043e\u043a\u0440\u0430\u0448\u0438\u0432\u0430\u043d\u0438\u0435 (\u0434\u043e 2 \u0441\u043c)", "description": null, "price": "4 000", "category": 26, "subcategory": 39, "for_inline": null}}, {"model": "salon.priceitem", "pk": 215, "fields": {"title": "\u041e\u043a\u0440\u0430\u0448\u0438\u0432\u0430\u043d\u0438\u0435 \u0432 \u043e\u0434\u0438\u043d \u0442\u043e\u043d \u043d\u0430 \u043a\u043e\u0440\u043e\u0442\u043a\u0438\u0435 \u0432\u043e\u043b\u043e\u0441\u044b", "description": null, "price": "5 000", "category": 26, "subcategory": 39, "for_inline": null}}, {"model": "salon.priceitem", "pk": 216, "fields": {"title": "\u041e\u043a\u0440\u0430\u0448\u0438\u0432\u0430\u043d\u0438\u0435 \u0432 \u043e\u0434\u0438\u043d \u0442\u043e\u043d \u043d\u0430 \u0432\u043e\u043b\u043e\u0441\u044b \u0441\u0440\u0435\u0434\u043d\u0435\u0439 \u0434\u043b\u0438\u043d\u044b", "description": null, "price": "5 500", "category": 26, "subcategory": 39, "for_inline": null}}, {"model": "salon.priceitem", "pk": 217, "fields": {"title": "\u041e\u043a\u0440\u0430\u0448\u0438\u0432\u0430\u043d\u0438\u0435 \u0432 \u043e\u0434\u0438\u043d \u0442\u043e\u043d \u043d\u0430 \u0434\u043b\u0438\u043d\u043d\u044b\u0435 \u0432\u043e\u043b\u043e\u0441\u044b", "description": null, "price": "6 000", "category": 26, "subcategory": 39, "for_inline": null}}, {"model": "salon.priceitem", "pk": 218, "fields": {"title": "\u0422\u043e\u043d\u0438\u0440\u043e\u0432\u0430\u043d\u0438\u0435 \u043d\u0430 \u043a\u043e\u0440\u043e\u0442\u043a\u0438\u0435 \u0432\u043e\u043b\u043e\u0441\u044b", "description": null, "price": "4 000", "category": 26, "subcategory": 39, "for_inline": null}}, {"model": "salon.priceitem", "pk": 219, "fields": {"title": "\u0422\u043e\u043d\u0438\u0440\u043e\u0432\u0430\u043d\u0438\u0435 \u043d\u0430 \u0432\u043e\u043b\u043e\u0441\u044b \u0441\u0440\u0435\u0434\u043d\u0435\u0439 \u0434\u043b\u0438\u043d\u044b", "description": null, "price": "5 000", "category": 26, "subcategory": 39, "for_inline": null}}, {"model": "salon.priceitem", "pk": 220, "fields": {"title": "\u0422\u043e\u043d\u0438\u0440\u043e\u0432\u0430\u043d\u0438\u0435 \u043d\u0430 \u0434\u043b\u0438\u043d\u043d\u044b\u0435 \u0432\u043e\u043b\u043e\u0441\u044b", "description": null, "price": "6 000", "category": 26, "subcategory": 39, "for_inline": null}}, {"model": "salon.priceitem", "pk": 221, "fields": {"title": "\u0411\u043b\u043e\u043d\u0434\u0438\u0440\u043e\u0432\u0430\u043d\u0438\u0435", "description": null, "price": "3 000", "category": 26, "subcategory": 39, "for_inline": null}}, {"model": "salon.priceitem", "pk": 222, "fields": {"title": "\u041c\u0435\u043b\u0438\u0440\u043e\u0432\u0430\u043d\u0438\u0435 \u043d\u0430 \u043a\u043e\u0440\u043e\u0442\u043a\u0438\u0435 \u0432\u043e\u043b\u043e\u0441\u044b", "description": null, "price": "3 000", "category": 26, "subcategory": 39, "for_inline": null}}, {"model": "salon.priceitem", "pk": 223, "fields": {"title": "\u041c\u0435\u043b\u0438\u0440\u043e\u0432\u0430\u043d\u0438\u0435 \u043d\u0430 \u0432\u043e\u043b\u043e\u0441\u044b \u0441\u0440\u0435\u0434\u043d\u0435\u0439 \u0434\u043b\u0438\u043d\u044b", "description": null, "price": "3 500", "category": 26, "subcategory": 39, "for_inline": null}}, {"model": "salon.priceitem", "pk": 224, "fields": {"title": "\u041c\u0435\u043b\u0438\u0440\u043e\u0432\u0430\u043d\u0438\u0435 \u043d\u0430 \u0434\u043b\u0438\u043d\u043d\u044b\u0435 \u0432\u043e\u043b\u043e\u0441\u044b", "description": null, "price": "4 500", "category": 26, "subcategory": 39, "for_inline": null}}, {"model": "salon.priceitem", "pk": 225, "fields": {"title": "\u0427\u0430\u0441\u0442\u0438\u0447\u043d\u043e\u0435 \u043c\u0435\u043b\u0438\u0440\u043e\u0432\u0430\u043d\u0438\u0435 \u043d\u0430 \u043a\u043e\u0440\u043e\u0442\u043a\u0438\u0435 \u0432\u043e\u043b\u043e\u0441\u044b", "description": null, "price": "1 500", "category": 26, "subcategory": 39, "for_inline": null}}, {"model": "salon.priceitem", "pk": 226, "fields": {"title": "\u0427\u0430\u0441\u0442\u0438\u0447\u043d\u043e\u0435 \u043c\u0435\u043b\u0438\u0440\u043e\u0432\u0430\u043d\u0438\u0435 \u043d\u0430 \u0432\u043e\u043b\u043e\u0441\u044b \u0441\u0440\u0435\u0434\u043d\u0435\u0439 \u0434\u043b\u0438\u043d\u044b", "description": null, "price": "2 000", "category": 26, "subcategory": 39, "for_inline": null}}, {"model": "salon.priceitem", "pk": 227, "fields": {"title": "\u0427\u0430\u0441\u0442\u0438\u0447\u043d\u043e\u0435 \u043c\u0435\u043b\u0438\u0440\u043e\u0432\u0430\u043d\u0438\u0435 \u043d\u0430 \u0434\u043b\u0438\u043d\u043d\u044b\u0435 \u0432\u043e\u043b\u043e\u0441\u044b", "description": null, "price": "2 500", "category": 26, "subcategory": 39, "for_inline": null}}, {"model": "salon.priceitem", "pk": 228, "fields": {"title": "\u0414\u0435\u043a\u0430\u043f\u0438\u0440\u043e\u0432\u0430\u043d\u0438\u0435 \u043d\u0430 \u043a\u043e\u0440\u043e\u0442\u043a\u0438\u0435 \u0432\u043e\u043b\u043e\u0441\u044b", "description": null, "price": "2 000", "category": 26, "subcategory": 39, "for_inline": null}}, {"model": "salon.priceitem", "pk": 229, "fields": {"title": "\u0414\u0435\u043a\u0430\u043f\u0438\u0440\u043e\u0432\u0430\u043d\u0438\u0435 \u043d\u0430 \u0432\u043e\u043b\u043e\u0441\u044b \u0441\u0440\u0435\u0434\u043d\u0435\u0439 \u0434\u043b\u0438\u043d\u044b", "description": null, "price": "3 000", "category": 26, "subcategory": 39, "for_inline": null}}, {"model": "salon.priceitem", "pk": 230, "fields": {"title": "\u0414\u0435\u043a\u0430\u043f\u0438\u0440\u043e\u0432\u0430\u043d\u0438\u0435 \u043d\u0430 \u0434\u043b\u0438\u043d\u043d\u044b\u0435 \u0432\u043e\u043b\u043e\u0441\u044b", "description": null, "price": "4 000", "category": 26, "subcategory": 39, "for_inline": null}}, {"model": "salon.priceitem", "pk": 231, "fields": {"title": "\u0421\u043b\u043e\u0436\u043d\u043e\u0435 \u043e\u043a\u0440\u0430\u0448\u0438\u0432\u0430\u043d\u0438\u04351 \u043d\u0430 \u043a\u043e\u0440\u043e\u0442\u043a\u0438\u0435 \u0432\u043e\u043b\u043e\u0441\u044b", "description": null, "price": "3 000", "category": 26, "subcategory": 39, "for_inline": null}}, {"model": "salon.priceitem", "pk": 232, "fields": {"title": "\u0421\u043b\u043e\u0436\u043d\u043e\u0435 \u043e\u043a\u0440\u0430\u0448\u0438\u0432\u0430\u043d\u0438\u0435 \u043d\u0430 \u0432\u043e\u043b\u043e\u0441\u044b \u0441\u0440\u0435\u0434\u043d\u0435\u0439 \u0434\u043b\u0438\u043d\u044b", "description": null, "price": "5 000", "category": 26, "subcategory": 39, "for_inline": null}}, {"model": "salon.priceitem", "pk": 233, "fields": {"title": "\u0421\u043b\u043e\u0436\u043d\u043e\u0435 \u043e\u043a\u0440\u0430\u0448\u0438\u0432\u0430\u043d\u0438\u0435 \u043d\u0430 \u0434\u043b\u0438\u043d\u043d\u044b\u0435 \u0432\u043e\u043b\u043e\u0441\u044b", "description": null, "price": "7 000", "category": 26, "subcategory": 39, "for_inline": null}}, {"model": "salon.priceitem", "pk": 234, "fields": {"title": "\u0414\u043e\u043f\u043e\u043b\u043d\u0438\u0442\u0435\u043b\u044c\u043d\u0430\u044f \u043d\u0430\u0434\u0431\u0430\u0432\u043a\u0430 \u0437\u0430 \u0434\u043b\u0438\u043d\u0443/\u0433\u0443\u0441\u0442\u043e\u0442\u0443 \u0432\u043e\u043b\u043e\u0441", "description": null, "price": "1 000", "category": 26, "subcategory": 39, "for_inline": null}}, {"model": "salon.priceitem", "pk": 235, "fields": {"title": "\u0423\u0445\u043e\u0434  JOICO \u041a-\u0420\u0410\u041a \u043d\u0430 \u043a\u043e\u0440\u043e\u0442\u043a\u0438\u0435 \u0432\u043e\u043b\u043e\u0441\u044b", "description": null, "price": "1 500", "category": 26, "subcategory": 40, "for_inline": null}}, {"model": "salon.priceitem", "pk": 236, "fields": {"title": "\u0423\u0445\u043e\u0434  JOICO \u041a-\u0420\u0410\u041a \u043d\u0430 \u0441\u0440\u0435\u0434\u043d\u044e\u044e \u0434\u043b\u0438\u043d\u0443 \u0432\u043e\u043b\u043e\u0441", "description": null, "price": "2 000", "category": 26, "subcategory": 40, "for_inline": null}}, {"model": "salon.priceitem", "pk": 237, "fields": {"title": "\u0423\u0445\u043e\u0434  JOICO \u041a-\u0420\u0410\u041a \u043d\u0430 \u0434\u043b\u0438\u043d\u043d\u044b\u0435 \u0432\u043e\u043b\u043e\u0441\u044b", "description": null, "price": "2 500", "category": 26, "subcategory": 40, "for_inline": null}}, {"model": "salon.priceitem", "pk": 238, "fields": {"title": "\u0423\u0445\u043e\u0434 REDKEN \u043d\u0430 \u043a\u043e\u0440\u043e\u0442\u043a\u0438\u0435 \u0432\u043e\u043b\u043e\u0441\u044b", "description": null, "price": "1 500", "category": 26, "subcategory": 40, "for_inline": null}}, {"model": "salon.priceitem", "pk": 239, "fields": {"title": "\u0423\u0445\u043e\u0434 REDKEN \u043d\u0430 \u0441\u0440\u0435\u0434\u043d\u044e\u044e \u0434\u043b\u0438\u043d\u0443 \u0432\u043e\u043b\u043e\u0441", "description": null, "price": "2 000", "category": 26, "subcategory": 40, "for_inline": null}}, {"model": "salon.priceitem", "pk": 240, "fields": {"title": "\u0423\u0445\u043e\u0434 REDKEN \u043d\u0430 \u0434\u043b\u0438\u043d\u043d\u044b\u0435 \u0432\u043e\u043b\u043e\u0441\u044b", "description": null, "price": "2 500", "category": 26, "subcategory": 40, "for_inline": null}}, {"model": "salon.priceitem", "pk": 241, "fields": {"title": "\u0423\u0445\u043e\u0434  Essence Shots (\u0431\u043e\u0442\u043e\u043a\u0441) \u043d\u0430 \u043a\u043e\u0440\u043e\u0442\u043a\u0438\u0435 \u0432\u043e\u043b\u043e\u0441\u044b", "description": null, "price": "3 000", "category": 26, "subcategory": 40, "for_inline": null}}, {"model": "salon.priceitem", "pk": 242, "fields": {"title": "\u0423\u0445\u043e\u0434  Essence Shots (\u0431\u043e\u0442\u043e\u043a\u0441) \u0441\u0440\u0435\u0434\u043d\u044e\u044e \u0434\u043b\u0438\u043d\u0443 \u0432\u043e\u043b\u043e\u0441", "description": null, "price": "4 000", "category": 26, "subcategory": 40, "for_inline": null}}, {"model": "salon.priceitem", "pk": 243, "fields": {"title": "\u0423\u0445\u043e\u0434  Essence Shots (\u0431\u043e\u0442\u043e\u043a\u0441) \u0434\u043b\u0438\u043d\u043d\u044b\u0435 \u0432\u043e\u043b\u043e\u0441\u044b", "description": null, "price": "5 000", "category": 26, "subcategory": 40, "for_inline": null}}, {"model": "salon.priceitem", "pk": 244, "fields": {"title": "\u0414\u043d\u0435\u0432\u043d\u043e\u0439 \u043c\u0430\u043a\u0438\u044f\u0436", "description": null, "price": "2 000", "category": 27, "subcategory": 41, "for_inline": null}}, {"model": "salon.priceitem", "pk": 245, "fields": {"title": "\u0412\u0435\u0447\u0435\u0440\u043d\u0438\u0439 \u043c\u0430\u043a\u0438\u044f\u0436", "description": null, "price": "2 500", "category": 27, "subcategory": 41, "for_inline": null}}, {"model": "salon.priceitem", "pk": 246, "fields": {"title": "\u0415\u0441\u0442\u0435\u0441\u0442\u0432\u0435\u043d\u043d\u044b\u0439 \u043c\u0430\u043a\u0438\u044f\u0436", "description": null, "price": "1 500", "category": 27, "subcategory": 41, "for_inline": null}}, {"model": "salon.priceitem", "pk": 247, "fields": {"title": "Smoky eyes", "description": null, "price": "2 500", "category": 27, "subcategory": 41, "for_inline": null}}, {"model": "salon.priceitem", "pk": 248, "fields": {"title": "\u0410\u043d\u0442\u0438\u0432\u043e\u0437\u0440\u0430\u0441\u0442\u043d\u043e\u0439 \u043c\u0430\u043a\u0438\u044f\u0436", "description": null, "price": "2 500", "category": 27, "subcategory": 41, "for_inline": null}}, {"model": "salon.priceitem", "pk": 249, "fields": {"title": "\u0421\u0432\u0430\u0434\u0435\u0431\u043d\u044b\u0439 \u043c\u0430\u043a\u0438\u044f\u0436", "description": null, "price": "2 500", "category": 27, "subcategory": 41, "for_inline": null}}, {"model": "salon.priceitem", "pk": 250, "fields": {"title": "\u041c\u0430\u043a\u0438\u044f\u0436 \u0434\u043b\u044f \u0444\u043e\u0442\u043e\u0441\u0435\u0441\u0441\u0438\u0439", "description": null, "price": "3 000", "category": 27, "subcategory": 41, "for_inline": null}}, {"model": "salon.priceitem", "pk": 251, "fields": {"title": "\u041d\u0430\u043a\u043b\u0430\u0434\u043d\u044b\u0435 \u0440\u0435\u0441\u043d\u0438\u0446\u044b", "description": null, "price": "500", "category": 27, "subcategory": 41, "for_inline": null}}, {"model": "salon.priceitem", "pk": 252, "fields": {"title": "\u041a\u043e\u0440\u0440\u0435\u043a\u0446\u0438\u044f \u0431\u0440\u043e\u0432\u0435\u0439", "description": null, "price": "\u043e\u0442 400", "category": 28, "subcategory": 42, "for_inline": null}}, {"model": "salon.priceitem", "pk": 253, "fields": {"title": "\u041f\u0440\u0438\u0434\u0430\u043d\u0438\u0435 \u0444\u043e\u0440\u043c\u044b", "description": null, "price": "\u0431\u043e\u043e", "category": 28, "subcategory": 42, "for_inline": null}}, {"model": "salon.priceitem", "pk": 254, "fields": {"title": "\u041e\u043a\u0440\u0430\u0448\u0438\u0432\u0430\u043d\u0438\u0435 \u0431\u0440\u043e\u0432\u0435\u0439 \u043a\u0440\u0430\u0441\u043a\u043e\u0439", "description": null, "price": "400", "category": 28, "subcategory": 42, "for_inline": null}}, {"model": "salon.priceitem", "pk": 255, "fields": {"title": "\u041e\u043a\u0440\u0430\u0448\u0438\u0432\u0430\u043d\u0438\u0435 \u0431\u0440\u043e\u0432\u0435\u0439 \u0445\u043d\u043e\u0439", "description": null, "price": "850", "category": 28, "subcategory": 42, "for_inline": null}}, {"model": "salon.priceitem", "pk": 256, "fields": {"title": "\u041e\u043a\u0440\u0430\u0448\u0438\u0432\u0430\u043d\u0438\u0435 \u0440\u0435\u0441\u043d\u0438\u0446 \u043a\u0440\u0430\u0441\u043a\u043e\u0439", "description": null, "price": "500", "category": 28, "subcategory": 42, "for_inline": null}}, {"model": "salon.priceitem", "pk": 257, "fields": {"title": "\u0427\u0438\u0441\u0442\u043a\u0430 \u0422 \u0437\u043e\u043d\u044b (1\u0447. 2\u043e\u043c\u0438\u043d.)", "description": null, "price": "2 200", "category": 29, "subcategory": 43, "for_inline": null}}, {"model": "salon.priceitem", "pk": 258, "fields": {"title": "\u0427\u0438\u0441\u0442\u043a\u0430 \u043b\u0438\u0446\u0430+ \u0443\u0445\u043e\u0434 (2 \u0447.)", "description": null, "price": "3 600/4 100", "category": 29, "subcategory": 43, "for_inline": null}}, {"model": "salon.priceitem", "pk": 259, "fields": {"title": "\u0423\u0445\u043e\u0434 \u043f\u043e \u0442\u0438\u043f\u0443 \u043a\u043e\u0436\u0438 (1\u0447. 3\u043e\u043c\u0438\u043d.)", "description": null, "price": "2 700/4 000", "category": 29, "subcategory": 43, "for_inline": null}}, {"model": "salon.priceitem", "pk": 260, "fields": {"title": "\u041c\u0430\u0441\u0441\u0430\u0436 \u0441\u043a\u0443\u043b\u044c\u043f\u0442\u0443\u0440\u043d\u044b\u0439 (45 \u043c\u0438\u043d.)", "description": null, "price": "2 000", "category": 29, "subcategory": 43, "for_inline": null}}, {"model": "salon.priceitem", "pk": 261, "fields": {"title": "\u041c\u0430\u0441\u0441\u0430\u0436 \u0441\u043a\u0443\u043b\u044c\u043f\u0442\u0443\u0440\u043d\u044b\u0439 \u043f\u043e \u043c\u0430\u0441\u043a\u0435", "description": null, "price": "2 000", "category": 29, "subcategory": 43, "for_inline": null}}, {"model": "salon.priceitem", "pk": 262, "fields": {"title": "\u041c\u0430\u0441\u0441\u0430\u0436 \u043a\u043b\u0430\u0441\u0441\u0438\u0447\u0435\u0441\u043a\u0438\u0439 (30 \u043c\u0438\u043d.)", "description": null, "price": "1 500", "category": 29, "subcategory": 43, "for_inline": null}}, {"model": "salon.priceitem", "pk": 263, "fields": {"title": "\u041c\u0430\u0441\u0441\u0430\u0436 \u0433\u043e\u043b\u043e\u0432\u044b (15 \u043c\u0438\u043d.)", "description": null, "price": "900", "category": 29, "subcategory": 43, "for_inline": null}}, {"model": "salon.priceitem", "pk": 264, "fields": {"title": "\u041c\u0430\u0441\u043a\u0430 \u043c\u0438\u043e\u043b\u0438\u0444\u0442\u0438\u043d\u0433", "description": null, "price": "900", "category": 29, "subcategory": 43, "for_inline": null}}, {"model": "salon.priceitem", "pk": 265, "fields": {"title": "\u041f\u043e\u0434\u043c\u044b\u0448\u0435\u0447\u043d\u044b\u0435 \u0432\u043f\u0430\u0434\u0438\u043d\u044b (\u0432\u043e\u0441\u043a)", "description": null, "price": "\u043e\u0442 700", "category": 30, "subcategory": 44, "for_inline": null}}, {"model": "salon.priceitem", "pk": 266, "fields": {"title": "\u041f\u043e\u0434\u043c\u044b\u0448\u0435\u0447\u043d\u044b\u0435 \u0432\u043f\u0430\u0434\u0438\u043d\u044b (\u0441\u0430\u0445\u0430\u0440)", "description": null, "price": "\u043e\u0442 800", "category": 30, "subcategory": 44, "for_inline": null}}, {"model": "salon.priceitem", "pk": 267, "fields": {"title": "\u0411\u0438\u043a\u0438\u043d\u0438 \u0433\u043b\u0443\u0431\u043e\u043a\u043e\u0435 (\u0432\u043e\u0441\u043a)", "description": null, "price": "\u043e\u0442 1 800", "category": 30, "subcategory": 44, "for_inline": null}}, {"model": "salon.priceitem", "pk": 268, "fields": {"title": "\u0411\u0438\u043a\u0438\u043d\u0438 \u0433\u043b\u0443\u0431\u043e\u043a\u043e\u0435 (\u0441\u0430\u0445\u0430\u0440)", "description": null, "price": "\u043e\u0442 2 100", "category": 30, "subcategory": 44, "for_inline": null}}, {"model": "salon.priceitem", "pk": 269, "fields": {"title": "\u0411\u0438\u043a\u0438\u043d\u0438 \u043a\u043b\u0430\u0441\u0441\u0438\u0447\u0435\u0441\u043a\u043e\u0435 (\u0432\u043e\u0441\u043a)", "description": null, "price": "\u043e\u0442 1 200", "category": 30, "subcategory": 44, "for_inline": null}}, {"model": "salon.priceitem", "pk": 270, "fields": {"title": "\u0411\u0438\u043a\u0438\u043d\u0438 \u043a\u043b\u0430\u0441\u0441\u0438\u0447\u0435\u0441\u043a\u043e\u0435 (\u0441\u0430\u0445\u0430\u0440)", "description": null, "price": "\u043e\u0442 1 500", "category": 30, "subcategory": 44, "for_inline": null}}, {"model": "salon.priceitem", "pk": 271, "fields": {"title": "\u0421\u0442\u0440\u0438\u043d\u0433\u0438 (\u0432\u043e\u0441\u043a)", "description": null, "price": "\u043e\u0442 1 600", "category": 30, "subcategory": 44, "for_inline": null}}, {"model": "salon.priceitem", "pk": 272, "fields": {"title": "\u0421\u0442\u0440\u0438\u043d\u0433\u0438 (\u0441\u0430\u0445\u0430\u0440)", "description": null, "price": "\u043e\u0442 1 800", "category": 30, "subcategory": 44, "for_inline": null}}, {"model": "salon.priceitem", "pk": 273, "fields": {"title": "\u041d\u043e\u0433\u0438 \u043f\u043e\u043b\u043d\u043e\u0441\u0442\u044c\u044e (\u0432\u043e\u0441\u043a)", "description": null, "price": "\u043e\u0442 1 700", "category": 30, "subcategory": 44, "for_inline": null}}, {"model": "salon.priceitem", "pk": 274, "fields": {"title": "\u041d\u043e\u0433\u0438 \u043f\u043e\u043b\u043d\u043e\u0441\u0442\u044c\u044e (\u0441\u0430\u0445\u0430\u0440)", "description": null, "price": "\u043e\u0442 2 000", "category": 30, "subcategory": 44, "for_inline": null}}, {"model": "salon.priceitem", "pk": 275, "fields": {"title": "\u041d\u043e\u0433\u0438 \u0434\u043e \u043a\u043e\u043b\u0435\u043d (\u0432\u043e\u0441\u043a)", "description": null, "price": "\u043e\u0442 800", "category": 30, "subcategory": 44, "for_inline": null}}, {"model": "salon.priceitem", "pk": 276, "fields": {"title": "\u041d\u043e\u0433\u0438 \u0434\u043e \u043a\u043e\u043b\u0435\u043d (\u0441\u0430\u0445\u0430\u0440)", "description": null, "price": "\u043e\u0442 1 000", "category": 30, "subcategory": 44, "for_inline": null}}, {"model": "salon.priceitem", "pk": 277, "fields": {"title": "\u041d\u043e\u0433\u0438 \u0432\u044b\u0448\u0435 \u043a\u043e\u043b\u0435\u043d (\u0432\u043e\u0441\u043a)", "description": null, "price": "\u043e\u0442 800", "category": 30, "subcategory": 44, "for_inline": null}}, {"model": "salon.priceitem", "pk": 278, "fields": {"title": "\u041d\u043e\u0433\u0438 \u0432\u044b\u0448\u0435 \u043a\u043e\u043b\u0435\u043d (\u0441\u0430\u0445\u0430\u0440)", "description": null, "price": "\u043e\u0442 1 000", "category": 30, "subcategory": 44, "for_inline": null}}, {"model": "salon.priceitem", "pk": 279, "fields": {"title": "\u0420\u0443\u043a\u0438 (\u0432\u043e\u0441\u043a)", "description": null, "price": "\u043e\u0442 700", "category": 30, "subcategory": 44, "for_inline": null}}, {"model": "salon.priceitem", "pk": 280, "fields": {"title": "\u0420\u0443\u043a\u0438 (\u0441\u0430\u0445\u0430\u0440)", "description": null, "price": "\u043e\u0442 800", "category": 30, "subcategory": 44, "for_inline": null}}, {"model": "salon.priceitem", "pk": 281, "fields": {"title": "\u041d\u0430\u0434 \u0432\u0435\u0440\u0445\u043d\u0435\u0439 \u0433\u0443\u0431\u043e\u0439 (\u0432\u043e\u0441\u043a)", "description": null, "price": "\u043e\u0442 200", "category": 30, "subcategory": 44, "for_inline": null}}, {"model": "salon.priceitem", "pk": 282, "fields": {"title": "\u041d\u043e\u0441", "description": null, "price": "\u043e\u0442 200", "category": 30, "subcategory": 44, "for_inline": null}}, {"model": "salon.priceitem", "pk": 283, "fields": {"title": "\u0428\u0430\u043c\u043f\u0443\u043d\u044c REDKEN Color extend magnetics (300ml)", "description": null, "price": "1 440", "category": 31, "subcategory": 45, "for_inline": null}}, {"model": "salon.priceitem", "pk": 284, "fields": {"title": "\u041a\u043e\u043d\u0434\u0438\u0446\u0438\u043e\u043d\u0435\u0440 REDKEN Color extend magnetics (250ml)", "description": null, "price": "1 800", "category": 31, "subcategory": 45, "for_inline": null}}, {"model": "salon.priceitem", "pk": 285, "fields": {"title": "\u0428\u0430\u043c\u043f\u0443\u043d\u044c REDKEN Color extend magnetics (500ml)", "description": null, "price": "2 100", "category": 31, "subcategory": 45, "for_inline": null}}, {"model": "salon.priceitem", "pk": 286, "fields": {"title": "\u041a\u043e\u043d\u0434\u0438\u0446\u0438\u043e\u043d\u0435\u0440 REDKEN Color extend magnetics (500ml)", "description": null, "price": "2 700", "category": 31, "subcategory": 45, "for_inline": null}}, {"model": "salon.priceitem", "pk": 287, "fields": {"title": "\u0428\u0430\u043c\u043f\u0443\u043d\u044c REDKEN Extreme (300ml)", "description": null, "price": "1 440", "category": 31, "subcategory": 45, "for_inline": null}}, {"model": "salon.priceitem", "pk": 288, "fields": {"title": "\u041a\u043e\u043d\u0434\u0438\u0446\u0438\u043e\u043d\u0435\u0440 REDKEN Extreme (250ml)", "description": null, "price": "1 800", "category": 31, "subcategory": 45, "for_inline": null}}, {"model": "salon.priceitem", "pk": 289, "fields": {"title": "\u0428\u0430\u043c\u043f\u0443\u043d\u044c REDKEN Extreme (500ml)", "description": null, "price": "2 100", "category": 31, "subcategory": 45, "for_inline": null}}, {"model": "salon.priceitem", "pk": 290, "fields": {"title": "\u041a\u043e\u043d\u0434\u0438\u0446\u0438\u043e\u043d\u0435\u0440 REDKEN Extreme (500ml)", "description": null, "price": "2 700", "category": 31, "subcategory": 45, "for_inline": null}}, {"model": "salon.priceitem", "pk": 291, "fields": {"title": "\u0428\u0430\u043c\u043f\u0443\u043d\u044c REDKEN All soft (300ml)", "description": null, "price": "1 440", "category": 31, "subcategory": 45, "for_inline": null}}, {"model": "salon.priceitem", "pk": 292, "fields": {"title": "\u041a\u043e\u043d\u0434\u0438\u0446\u0438\u043e\u043d\u0435\u0440 REDKEN All soft (250ml)", "description": null, "price": "1 800", "category": 31, "subcategory": 45, "for_inline": null}}, {"model": "salon.priceitem", "pk": 293, "fields": {"title": "\u0428\u0430\u043c\u043f\u0443\u043d\u044c REDKEN All soft (500ml)", "description": null, "price": "2 100", "category": 31, "subcategory": 45, "for_inline": null}}, {"model": "salon.priceitem", "pk": 294, "fields": {"title": "\u041a\u043e\u043d\u0434\u0438\u0446\u0438\u043e\u043d\u0435\u0440 REDKEN All soft (500ml)", "description": null, "price": "2 700", "category": 31, "subcategory": 45, "for_inline": null}}, {"model": "salon.priceitem", "pk": 295, "fields": {"title": "\u0428\u0430\u043c\u043f\u0443\u043d\u044c REDKEN High-rise volume (500ml)", "description": null, "price": "2 100", "category": 31, "subcategory": 45, "for_inline": null}}, {"model": "salon.priceitem", "pk": 296, "fields": {"title": "\u041a\u043e\u043d\u0434\u0438\u0446\u0438\u043e\u043d\u0435\u0440 REDKEN High-rise volume (500ml)", "description": null, "price": "2 700", "category": 31, "subcategory": 45, "for_inline": null}}, {"model": "salon.priceitem", "pk": 297, "fields": {"title": "\u0428\u0430\u043c\u043f\u0443\u043d\u044c REDKEN Diamond oil glow dry (500ml)", "description": null, "price": "2 100", "category": 31, "subcategory": 45, "for_inline": null}}, {"model": "salon.priceitem", "pk": 298, "fields": {"title": "\u041a\u043e\u043d\u0434\u0438\u0446\u0438\u043e\u043d\u0435\u0440 REDKEN Diamond oil glow dry (500ml)", "description": null, "price": "2 700", "category": 31, "subcategory": 45, "for_inline": null}}, {"model": "salon.priceitem", "pk": 299, "fields": {"title": "\u0428\u0430\u043c\u043f\u0443\u043d\u044c REDKEN Frizz dismiss (500ml)", "description": null, "price": "2 100", "category": 31, "subcategory": 45, "for_inline": null}}, {"model": "salon.priceitem", "pk": 300, "fields": {"title": "\u041a\u043e\u043d\u0434\u0438\u0446\u0438\u043e\u043d\u0435\u0440 REDKEN Frizz dismiss (500ml)", "description": null, "price": "2 700", "category": 31, "subcategory": 45, "for_inline": null}}, {"model": "salon.priceitem", "pk": 301, "fields": {"title": "\u0428\u0430\u043c\u043f\u0443\u043d\u044c REDKEN \u0412londe idol (300ml)", "description": null, "price": "1 440", "category": 31, "subcategory": 45, "for_inline": null}}, {"model": "salon.priceitem", "pk": 302, "fields": {"title": "\u041c\u0430\u0441\u043a\u0430 REDKEN Blonde idol (250ml)", "description": null, "price": "2 290", "category": 31, "subcategory": 45, "for_inline": null}}, {"model": "salon.priceitem", "pk": 303, "fields": {"title": "\u0421\u043f\u0440\u0435\u0439 REDKEN \u0441\u0443\u043f\u0435\u0440 \u0441\u0438\u043b\u044c\u043d\u043e\u0439 \u0444\u0438\u043a\u0441\u0430\u0446\u0438\u0438 (400ml)", "description": null, "price": "860", "category": 31, "subcategory": 45, "for_inline": null}}, {"model": "salon.priceitem", "pk": 304, "fields": {"title": "\u0421\u043f\u0440\u0435\u0439 REDKEN \u043c\u0433\u043d\u043e\u0432\u0435\u043d\u043d\u043e\u0439 \u0444\u0438\u043a\u0441\u0430\u0446\u0438\u0438 (400ml)", "description": null, "price": "1 300", "category": 31, "subcategory": 45, "for_inline": null}}, {"model": "salon.priceitem", "pk": 305, "fields": {"title": "\u041c\u0443\u043b\u044c\u0442\u0438\u0444\u0443\u043d\u043a\u0446\u0438\u043e\u043d\u0430\u043b\u044c\u043d\u044b\u0439 \u0441\u043f\u0440\u0435\u0439 REDKEN (150ml)", "description": null, "price": "2 770", "category": 31, "subcategory": 45, "for_inline": null}}, {"model": "salon.priceitem", "pk": 306, "fields": {"title": "\u041c\u0430\u0441\u043b\u043e RED\u041aEN Diamond oil glow dry (100ml)", "description": null, "price": "2 460", "category": 31, "subcategory": 45, "for_inline": null}}, {"model": "salon.priceitem", "pk": 307, "fields": {"title": "\u041c\u0430\u0441\u043b\u043e RED\u041aEN All soft \u043a\u043e\u043c\u043f\u043b\u0435\u043a\u0441\u043d\u044b\u0439 \u0443\u0445\u043e\u0434 (90ml)", "description": null, "price": "1 260", "category": 31, "subcategory": 45, "for_inline": null}}, {"model": "salon.priceitem", "pk": 308, "fields": {"title": "\u0428\u0430\u043c\u043f\u0443\u043d\u044cJ\u041eI\u0421\u041e \u041a-\u0420\u0410\u041a \u0434\u043b\u044f \u043e\u043a\u0440\u0430\u0448\u0435\u043d\u043d\u044b\u0445 \u0432\u043e\u043b\u043e\u0441 (300ml)", "description": null, "price": "1 730", "category": 31, "subcategory": 45, "for_inline": null}}, {"model": "salon.priceitem", "pk": 309, "fields": {"title": "\u041a\u043e\u043d\u0434\u0438\u0446\u0438\u043e\u043d\u0435\u0440JOICO \u041a-\u0420\u0410\u041a \u0434\u043b\u044f \u043e\u043a\u0440\u0430\u0448\u0435\u043d\u043d\u044b\u0445 \u0432\u043e\u043b\u043e\u0441 (300ml)", "description": null, "price": "1 850", "category": 31, "subcategory": 45, "for_inline": null}}, {"model": "salon.priceitem", "pk": 310, "fields": {"title": "\u0428\u0430\u043c\u043f\u0443\u043d\u044cJOICO Endure violet \u0434\u043b\u044f \u043e\u0441\u0432\u0435\u0442\u043b\u0435\u043d\u043d\u044b\u0445 \u0438 \u0441\u0435\u0434\u044b\u0445 \u0432\u043e\u043b\u043e\u0441", "description": null, "price": "1 650", "category": 31, "subcategory": 45, "for_inline": null}}, {"model": "salon.priceitem", "pk": 311, "fields": {"title": "\u041a\u043e\u043d\u0434\u0438\u0446\u0438\u043e\u043d\u0435\u0440JOICO Endure violet \u0434\u043b\u044f \u043e\u0441\u0432\u0435\u0442\u043b\u0435\u043d\u043d\u044b\u0445 \u0438 \u0441\u0435\u0434\u044b\u0445 \u0432\u043e\u043b\u043e\u0441", "description": null, "price": "1 750", "category": 31, "subcategory": 45, "for_inline": null}}, {"model": "salon.priceitem", "pk": 312, "fields": {"title": "\u0428\u0430\u043c\u043f\u0443\u043d\u044cJOICO Body luxe \u0434\u043b\u044f \u043f\u044b\u0448\u043d\u043e\u0441\u0442\u0438 \u0438 \u043e\u0431\u044a\u0451\u043c\u0430 (300ml)", "description": null, "price": "1 570", "category": 31, "subcategory": 45, "for_inline": null}}, {"model": "salon.priceitem", "pk": 313, "fields": {"title": "\u041a\u043e\u043d\u0434\u0438\u0446\u0438\u043e\u043d\u0435\u0440JOICO Body luxe \u0434\u043b\u044f \u043f\u044b\u0448\u043d\u043e\u0441\u0442\u0438 \u0438 \u043e\u0431\u044a\u0451\u043c\u0430 (300ml)", "description": null, "price": "1 600", "category": 31, "subcategory": 45, "for_inline": null}}, {"model": "salon.priceitem", "pk": 314, "fields": {"title": "\u042d\u043b\u0438\u043a\u0441\u0438\u0440JOICO Body luxe \u0434\u043b\u044f \u043f\u044b\u0448\u043d\u043e\u0441\u0442\u0438 \u0438 \u043e\u0431\u044a\u0451\u043c\u0430 (200ml)", "description": null, "price": "1 600", "category": 31, "subcategory": 45, "for_inline": null}}, {"model": "salon.priceitem", "pk": 315, "fields": {"title": "\u0428\u0430\u043c\u043f\u0443\u043d\u044cJOICO Blonde life \u0431\u0435\u0437\u0443\u043f\u0440\u0435\u0447\u043d\u044b\u0439 \u0431\u043b\u043e\u043d\u0434 (300ml)", "description": null, "price": "1 750", "category": 31, "subcategory": 45, "for_inline": null}}, {"model": "salon.priceitem", "pk": 316, "fields": {"title": "\u041a\u043e\u043d\u0434\u0438\u0446\u0438\u043e\u043d\u0435\u0440JOICO Blonde life \u0431\u0435\u0437\u0443\u043f\u0440\u0435\u0447\u043d\u044b\u0439 \u0431\u043b\u043e\u043d\u0434 (250ml)", "description": null, "price": "1 820", "category": 31, "subcategory": 45, "for_inline": null}}, {"model": "salon.priceitem", "pk": 317, "fields": {"title": "Mac\u043aaJOICO \u0412londe life \u0431\u0440\u0438\u043b\u043b\u0438\u0430\u043d\u0442\u043e\u0432\u044b\u0439 \u0431\u043b\u043e\u043d\u0434 (150ml)", "description": null, "price": "2 540", "category": 31, "subcategory": 45, "for_inline": null}}, {"model": "salon.priceitem", "pk": 318, "fields": {"title": "\u0428\u0430\u043c\u043f\u0443\u043d\u044c REDKEN Clear brew \u0441 \u043f\u0438\u0432\u043d\u044b\u043c\u0438 \u0434\u0440\u043e\u0436\u0436\u0430\u043c\u0438 (250ml)", "description": null, "price": "1 310", "category": 31, "subcategory": 46, "for_inline": null}}, {"model": "salon.priceitem", "pk": 319, "fields": {"title": "\u0428\u0430\u043c\u043f\u0443\u043d\u044c REDKEN Go clean \u0434\u043b\u044f \u043d\u043e\u0440\u043c\u0430\u043b\u044c\u043d\u044b\u0445 \u0438 \u0441\u0443\u0445\u0438\u0445 \u0432\u043e\u043b\u043e\u0441 (300ml)", "description": null, "price": "1 310", "category": 31, "subcategory": 46, "for_inline": null}}, {"model": "salon.priceitem", "pk": 320, "fields": {"title": "\u0428\u0430\u043c\u043f\u0443\u043d\u044c REDKEN Mint clean \u0442\u043e\u043d\u0438\u0437\u0438\u0440\u0443\u044e\u0449\u0438\u0439 (300ml)", "description": null, "price": "1 330", "category": 31, "subcategory": 46, "for_inline": null}}, {"model": "salon.priceitem", "pk": 321, "fields": {"title": "\u041a\u0440\u0435\u043c \u0434\u043b\u044f \u0437\u0430\u0432\u0435\u0440\u0448\u0435\u043d\u0438\u044f \u0443\u043a\u043b\u0430\u0434\u043a\u0438 REDKEN Get groomed (150ml)", "description": null, "price": "1 220", "category": 31, "subcategory": 46, "for_inline": null}}, {"model": "salon.priceitem", "pk": 322, "fields": {"title": "\u0412\u043e\u0441\u043a \u0434\u043b\u044f \u0443\u043a\u043b\u0430\u0434\u043a\u0438 \u0432\u043e\u043b\u043e\u0441 REDKEN Maneuver (100ml)", "description": null, "price": "1 220", "category": 31, "subcategory": 46, "for_inline": null}}, {"model": "salon.contact", "pk": 16, "fields": {"name": "admin", "message": "\u0411\u042b\u041b\u0418 \u0442\u0435\u0441\u0442\u044b \u0441 \u0444\u043e\u0440\u043c\u0430\u0442\u0430\u043c\u0438 \u0442\u0435\u043b\u0435\u0444\u043e\u043d\u0430 \u0442\u0435\u043f\u0435\u0440\u044c \u0432\u0441\u0435 \u0411\u041e\u041b\u042c\u0428\u0415", "phone": "9175745636", "created": "2018-11-08T14:07:42.886Z"}}, {"model": "salon.contact", "pk": 17, "fields": {"name": "test", "message": "", "phone": "9175745636", "created": "2018-11-08T14:31:45.834Z"}}, {"model": "salon.contact", "pk": 18, "fields": {"name": "sadsd", "message": "", "phone": "9685152243", "created": "2018-11-19T03:22:43.529Z"}}, {"model": "salon.contact", "pk": 19, "fields": {"name": "sadsd", "message": "", "phone": "9685152243", "created": "2018-11-19T03:29:49.621Z"}}, {"model": "salon.contact", "pk": 20, "fields": {"name": "Mao Moon", "message": "", "phone": "9175745636", "created": "2018-11-21T02:02:05.195Z"}}, {"model": "salon.imagecard", "pk": 9, "fields": {"image": "images/2_37Zlugk.jpg"}}, {"model": "salon.imagecard", "pk": 11, "fields": {"image": "images/7.jpg"}}, {"model": "salon.imagecard", "pk": 13, "fields": {"image": "images/12.jpg"}}, {"model": "salon.imagecard", "pk": 16, "fields": {"image": "images/16_JeKsTwG.jpg"}}, {"model": "salon.imagecard", "pk": 17, "fields": {"image": "images/13_pxPeZ0c.jpg"}}, {"model": "salon.imagecard", "pk": 20, "fields": {"image": "images/8_x0N0erI.jpg"}}, {"model": "salon.instagramlink", "pk": 1, "fields": {"image": "images/praktikabeauty_01-10-2018_09-56-10.jpg", "link": "https://www.instagram.com/praktikabeauty/"}}, {"model": "salon.instagramlink", "pk": 2, "fields": {"image": "images/praktikabeauty_03-09-2018_02-08-30.jpg", "link": "https://www.instagram.com/praktikabeauty/"}}, {"model": "salon.instagramlink", "pk": 3, "fields": {"image": "images/praktikabeauty_06-06-2018_03-47-14.jpg", "link": "https://www.instagram.com/praktikabeauty/"}}, {"model": "salon.instagramlink", "pk": 5, "fields": {"image": "images/praktikabeauty_05-09-2018_09-26-21.jpg", "link": "https://www.instagram.com/praktikabeauty/"}}, {"model": "salon.instagramlink", "pk": 6, "fields": {"image": "images/praktikabeauty_05-05-2018_04-22-16.jpg", "link": "https://www.instagram.com/praktikabeauty/"}}]